StartDate,EndDate,Status,IPAddress,Progress,Duration (in seconds),Finished,RecordedDate,ResponseId,RecipientLastName,RecipientFirstName,RecipientEmail,ExternalReference,LocationLatitude,LocationLongitude,DistributionChannel,UserLanguage,Q2_1,Q2_2,Q2_3,Q2_4,Q2_5,Q2_6,Q2_7,Q2_8,Q3,Q4,Q5,Q6_1,Q6_2,Q6_3,Q6_4,Q6_5,Q6_6,Q6_7,Q6_8,Q6_9,Q8_1,Q8_2,Q8_3,Q9_1,Q10,Q11,Q12,Q13_1,Q13_2,Q13_3,Q13_4,Q14_1,Q14_2,Q14_3,Q14_4,Q15_1,Q15_2,Q15_3,Q15_4,Q15_5,Q15_6,Q16_1,Q16_2,Q16_3,Q17_1,Q17_2,Q17_3,Q18_1,Q18_2,Q18_3,Q18_4,Q18_5,Q19_1,Q20_1,Q20_2,Q21,Q22_1,Q22_2,Q22_3,Q22_4,Q22_5,Q22_6,Q23_1,Q23_2,Q23_3,Q23_4,Q23_5,Q24_1,Q25,Q26,Q27,Q28,Q29
Start Date,End Date,Response Type,IP Address,Progress,Duration (in seconds),Finished,Recorded Date,Response ID,Recipient Last Name,Recipient First Name,Recipient Email,External Data Reference,Location Latitude,Location Longitude,Distribution Channel,User Language,"How would you distribute 100 points among your current modes of transportation according to how frequently you use them? It is also possible to enter 0 , if you do not use a particular mode of transportation. - own car","How would you distribute 100 points among your current modes of transportation according to how frequently you use them? It is also possible to enter 0 , if you do not use a particular mode of transportation. - other private vehicles","How would you distribute 100 points among your current modes of transportation according to how frequently you use them? It is also possible to enter 0 , if you do not use a particular mode of transportation. - car-sharing","How would you distribute 100 points among your current modes of transportation according to how frequently you use them? It is also possible to enter 0 , if you do not use a particular mode of transportation. - public transport","How would you distribute 100 points among your current modes of transportation according to how frequently you use them? It is also possible to enter 0 , if you do not use a particular mode of transportation. - bike","How would you distribute 100 points among your current modes of transportation according to how frequently you use them? It is also possible to enter 0 , if you do not use a particular mode of transportation. - e-scooter","How would you distribute 100 points among your current modes of transportation according to how frequently you use them? It is also possible to enter 0 , if you do not use a particular mode of transportation. - walk","How would you distribute 100 points among your current modes of transportation according to how frequently you use them? It is also possible to enter 0 , if you do not use a particular mode of transportation. - rideshare services (e.g. Taxi, Uber, Bolt)",How many hours do you spend commuting per week?,Do you own a car?,How often do you use your car?,For what reason(s) do you use your car? - to visit somebody,For what reason(s) do you use your car? - to go shopping,For what reason(s) do you use your car? - to commute (work),For what reason(s) do you use your car? - to commute (education),For what reason(s) do you use your car? - to transport goods,For what reason(s) do you use your car? - to escort somebody,For what reason(s) do you use your car? - for business reasons,For what reason(s) do you use your car? - for airport transfer,For what reason(s) do you use your car? - for leisure/cultural activities,How do you perceive car-sharing? - attractive:unattractive,How do you perceive car-sharing? - appealing:unappealing,How do you perceive car-sharing? - interesting:uninteresting,Please think about the next 12 months. How likely are you to use a car-sharing service?,"Imagine that Company A is a popular car-sharing service (e.g. Car2Go). Its fleet operates without fixed rental stations. All you need is the app. Grab a car anywhere in your home area. 
The service includes the following features:


	available in most parts of your hometown
	convenient parking
	diverse fleet 
	access to car via app
	good car density (suffient number of cars available)


 

How much would you be willing to pay per minute for the service provided by company A? (Please, use the notation X.XX and indicate 0.00 if you are not willing to pay anything.)","Imagine Company A (e.g. Car2Go) now offers the exact same features as before but in a way that perfectly fits your needs regarding the following criteria:


	service is available in all parts of your hometown
	you can park anywhere
	you can choose any car brand you prefer
	you can access the car as you like (app, card, key, etc.)
	always enough cars available




How much would you be willing to pay per minute for this perfect car-sharing service? (Please, use the notation X.XX and indicate 0.00 if you are not willing to pay anything.)",Have you been familiar with the concept of car-sharing before you participated in this survey?,Please indicate how much you agree with the following statements regarding car-sharing: - I use the car-sharing service to cut my transportation costs.,Please indicate how much you agree with the following statements regarding car-sharing: - Participating in car-sharing benefits me financially.,Please indicate how much you agree with the following statements regarding car-sharing: - I use car-sharing because it is cheaper than other means of transportation.,Please indicate how much you agree with the following statements regarding car-sharing: - I use car-sharing because I only pay for the usage time.,Please indicate how much you agree with the following statements regarding car-sharing: - I consider car-sharing because then I don't have to worry about parking spaces.,Please indicate how much you agree with the following statements regarding car-sharing: - I consider car-sharing because I don't have to worry about public transportation.,Please indicate how much you agree with the following statements regarding car-sharing: - I consider car-sharing because I don't have to worry about filling the tank in the car.,Please indicate how much you agree with the following statements regarding car-sharing: - I consider car-sharing because it means there is always a vehicle available for use when I need one.,Please have a look at the following situations. To what extent would the car brand affect your choice whether to pick a car-sharing vehicle or not? - business meetings,Please have a look at the following situations. To what extent would the car brand affect your choice whether to pick a car-sharing vehicle or not? - family gatherings,Please have a look at the following situations. To what extent would the car brand affect your choice whether to pick a car-sharing vehicle or not? - shopping trips,Please have a look at the following situations. To what extent would the car brand affect your choice whether to pick a car-sharing vehicle or not? - leisure activities,Please have a look at the following situations. To what extent would the car brand affect your choice whether to pick a car-sharing vehicle or not? - daily commute (education/work),Please have a look at the following situations. To what extent would the car brand affect your choice whether to pick a car-sharing vehicle or not? - going to the airport,Please indicate how much you agree with the following statements regarding car-sharing: - Using car-sharing would allow me to be part of a group of people with similar interests.,Please indicate how much you agree with the following statements regarding car-sharing: - I would feel accepted by the community and society when I use car-sharing.,Please indicate how much you agree with the following statements regarding car-sharing: - Using car-sharing would improve my image vis-á-vis the community and society.,Please indicate how much you agree with the following statements regarding car-sharing: - I trust the car-sharing concept.,Please indicate how much you agree with the following statements regarding car-sharing: - I trust the members who participate in the car-sharing program.,Please indicate how much you agree with the following statements regarding car-sharing: - The car-sharing service is safe.,Please indicate how much you agree with the following statements regarding car-sharing: - I am afraid of not being able to use the shared car when I need to use it.,Please indicate how much you agree with the following statements regarding car-sharing: - I’m afraid of not being able to familiarize myself with the controls of different cars every time I use them.,"Please indicate how much you agree with the following statements regarding car-sharing: - I fear the car will not be suitable for use (maintenance, cleaning) when I need to use it.",Please indicate how much you agree with the following statements regarding car-sharing: - Having to book the car every time I need to use it is inconvenient.,Please indicate how much you agree with the following statements regarding car-sharing: - Having to find the car pick-up point is inconvenient.,Do you think that using car-sharing services affects your social status? - harms my social status:improves my social status,"Please indicate how much you agree with the following statements regarding car-sharing: - By using car-sharing services, I reduce my use of natural resources.","Please indicate how much you agree with the following statements regarding car-sharing: - With the use of car-sharing services, I demonstrate environmentally friendly consumption behavior.",Are you a current member of a car-sharing service?,Why haven’t you been a member of a car-sharing service? - I’ve never needed this kind of service.,Why haven’t you been a member of a car-sharing service? - The service isn’t available in my area.,Why haven’t you been a member of a car-sharing service? - I don’t know the service/not informed.,Why haven’t you been a member of a car-sharing service? - My daily routine requires using my car.,Why haven’t you been a member of a car-sharing service? - I’m afraid of not finding an available vehicle when I need one.,Why haven’t you been a member of a car-sharing service? - other,"If you became a member of a car-sharing service, would you: - use it in combination with public transport","If you became a member of a car-sharing service, would you: - use it in combination with your car","If you became a member of a car-sharing service, would you: - substitute public transport","If you became a member of a car-sharing service, would you: - substitute your own car","If you became a member of a car-sharing service, would you: - other",Imagine you own a car that you are using frequently. Would you be willing to substitute it with a car-sharing option? - strongly disagree:strongly agree,"If a car-sharing system was available in your neighborhood, would you still make a planned car purchase?",Please indicate your gender.,Please indicate your age.,Please indicate your employment status.,Please specify your monthly income.
"{""ImportId"":""startDate"",""timeZone"":""America/Denver""}","{""ImportId"":""endDate"",""timeZone"":""America/Denver""}","{""ImportId"":""status""}","{""ImportId"":""ipAddress""}","{""ImportId"":""progress""}","{""ImportId"":""duration""}","{""ImportId"":""finished""}","{""ImportId"":""recordedDate"",""timeZone"":""America/Denver""}","{""ImportId"":""_recordId""}","{""ImportId"":""recipientLastName""}","{""ImportId"":""recipientFirstName""}","{""ImportId"":""recipientEmail""}","{""ImportId"":""externalDataReference""}","{""ImportId"":""locationLatitude""}","{""ImportId"":""locationLongitude""}","{""ImportId"":""distributionChannel""}","{""ImportId"":""userLanguage""}","{""ImportId"":""QID1_1""}","{""ImportId"":""QID1_2""}","{""ImportId"":""QID1_3""}","{""ImportId"":""QID1_4""}","{""ImportId"":""QID1_5""}","{""ImportId"":""QID1_6""}","{""ImportId"":""QID1_7""}","{""ImportId"":""QID1_8""}","{""ImportId"":""QID46_TEXT""}","{""ImportId"":""QID2""}","{""ImportId"":""QID3""}","{""ImportId"":""QID4"",""choiceId"":""1""}","{""ImportId"":""QID4"",""choiceId"":""2""}","{""ImportId"":""QID4"",""choiceId"":""3""}","{""ImportId"":""QID4"",""choiceId"":""4""}","{""ImportId"":""QID4"",""choiceId"":""5""}","{""ImportId"":""QID4"",""choiceId"":""6""}","{""ImportId"":""QID4"",""choiceId"":""7""}","{""ImportId"":""QID4"",""choiceId"":""8""}","{""ImportId"":""QID4"",""choiceId"":""9""}","{""ImportId"":""QID25_1""}","{""ImportId"":""QID25_2""}","{""ImportId"":""QID25_3""}","{""ImportId"":""QID47_1""}","{""ImportId"":""QID50_TEXT""}","{""ImportId"":""QID51_TEXT""}","{""ImportId"":""QID27""}","{""ImportId"":""QID6_1""}","{""ImportId"":""QID6_2""}","{""ImportId"":""QID6_3""}","{""ImportId"":""QID6_4""}","{""ImportId"":""QID8_1""}","{""ImportId"":""QID8_2""}","{""ImportId"":""QID8_3""}","{""ImportId"":""QID8_4""}","{""ImportId"":""QID9_1""}","{""ImportId"":""QID9_2""}","{""ImportId"":""QID9_3""}","{""ImportId"":""QID9_4""}","{""ImportId"":""QID9_5""}","{""ImportId"":""QID9_6""}","{""ImportId"":""QID10_1""}","{""ImportId"":""QID10_2""}","{""ImportId"":""QID10_3""}","{""ImportId"":""QID11_1""}","{""ImportId"":""QID11_2""}","{""ImportId"":""QID11_3""}","{""ImportId"":""QID12_1""}","{""ImportId"":""QID12_2""}","{""ImportId"":""QID12_3""}","{""ImportId"":""QID12_4""}","{""ImportId"":""QID12_5""}","{""ImportId"":""QID13_1""}","{""ImportId"":""QID48_1""}","{""ImportId"":""QID48_2""}","{""ImportId"":""QID28""}","{""ImportId"":""QID29"",""choiceId"":""1""}","{""ImportId"":""QID29"",""choiceId"":""2""}","{""ImportId"":""QID29"",""choiceId"":""3""}","{""ImportId"":""QID29"",""choiceId"":""4""}","{""ImportId"":""QID29"",""choiceId"":""5""}","{""ImportId"":""QID29"",""choiceId"":""6""}","{""ImportId"":""QID38"",""choiceId"":""1""}","{""ImportId"":""QID38"",""choiceId"":""2""}","{""ImportId"":""QID38"",""choiceId"":""3""}","{""ImportId"":""QID38"",""choiceId"":""4""}","{""ImportId"":""QID38"",""choiceId"":""5""}","{""ImportId"":""QID36_1""}","{""ImportId"":""QID37""}","{""ImportId"":""QID32""}","{""ImportId"":""QID34""}","{""ImportId"":""QID31""}","{""ImportId"":""QID35""}"
2019-11-01 04:37:05,2019-11-01 04:45:40,0,80.108.215.37,100,515,1,2019-11-01 04:45:40,R_1LzotWCHqEkBZed,,,,,48.1432952880859375,16.29339599609375,anonymous,EN,30,0,0,50,0,0,20,0,30,2,4,1,1,,,,,,,1,4,4,4,8,0.00,0.00,1,2,4,2,1,2,2,2,2,0,0,28,9,0,0,1,1,1,6,4,4,4,4,4,4,4,4,6,6,2,1,,,,,,1,,,,,1,1,2,2,5,2
2019-11-01 06:07:05,2019-11-01 06:18:21,0,80.110.123.9,100,675,1,2019-11-01 06:18:21,R_2b0CIJpO3bePcqU,,,,,48.2169036865234375,16.49969482421875,anonymous,EN,15,15,5,30,0,0,30,5,10,2,2,,,,1,1,,,,1,2,2,1,39,5,10,1,5,4,2,6,4,6,4,6,0,0,0,0,0,0,4,4,4,6,3,6,4,6,3,2,3,4,3,3,1,,,,,,,1,,1,,,1,3,2,2,5,3
2019-11-01 07:11:59,2019-11-01 07:16:17,0,213.47.171.196,100,258,1,2019-11-01 07:16:18,R_1LxUe1CFeEGGiIx,,,,,48.2169036865234375,16.49969482421875,anonymous,EN,0,0,0,80,0,0,20,0,6,3,,,,,,,,,,,1,1,1,5,0.30,0.70,1,6,6,6,6,6,2,2,4,84,1,1,1,49,5,4,4,5,7,6,6,6,7,6,3,5,4,2,2,2,1,1,,,,,1,,,,,5,2,1,2,4,2
2019-11-01 07:36:28,2019-11-01 07:43:47,0,62.178.108.202,100,438,1,2019-11-01 07:43:47,R_T6CtlY3QNOViTzb,,,,,48.1952056884765625,16.3502960205078125,anonymous,EN,0,20,10,40,0,0,10,20,10,3,,,,,,,,,,,1,1,1,80,0.20,0.20,1,5,3,6,6,2,3,5,4,62,8,14,9,50,85,2,2,2,6,6,6,4,2,5,4,5,4,5,4,1,,,,,,,1,,,,,1,1,1,2,2,2
2019-11-01 07:32:16,2019-11-01 07:54:47,0,185.172.161.172,100,1350,1,2019-11-01 07:54:47,R_pE3kGItiMPytJQZ,,,,,52.373504638671875,4.8950958251953125,anonymous,EN,50,0,20,20,0,0,10,0,5,1,2,,,1,,,,1,,,5,5,6,59,0.20,0.20,1,3,5,2,4,5,5,4,5,0,0,0,0,0,0,2,2,2,5,4,3,5,5,4,2,5,4,3,5,1,,,,,,,1,,,1,,3,1,2,2,1,5
2019-11-01 07:52:28,2019-11-01 08:00:13,0,194.166.246.54,100,464,1,2019-11-01 08:00:14,R_1Q5gL48bDjgAJpR,,,,,48.2993927001953125,16.347900390625,anonymous,EN,0,10,0,70,0,0,10,10,7,2,5,1,1,,,1,,,,1,3,4,4,3,0.25,0.35,1,3,2,2,6,4,5,6,5,75,14,77,75,24,55,3,2,5,4,4,5,5,5,4,5,5,4,2,2,2,,,,,,1,1,,,,,1,3,2,3,5,1
2019-11-01 07:51:43,2019-11-01 08:10:30,0,5.173.56.24,100,1127,1,2019-11-01 08:10:31,R_1qWHFyguZZn2WJq,,,,,50.0467071533203125,19.9907073974609375,anonymous,EN,5,0,0,30,0,0,55,10,10,2,5,,1,,,1,1,1,,1,2,4,2,40,0.10,0.20,1,5,5,2,6,7,5,7,6,5,1,50,4,1,100,2,4,2,6,5,5,6,3,5,6,5,4,3,3,2,1,,,,,,,,1,,,2,1,1,2,5,1
2019-11-01 07:42:00,2019-11-01 08:23:04,0,178.94.228.173,100,2463,1,2019-11-01 08:23:04,R_2y1QKjYOOfNUG3a,,,,,50.4546966552734375,30.5238037109375,anonymous,EN,30,0,0,40,0,0,20,10,5,1,2,1,1,,1,,1,1,1,1,5,5,5,1,0.2,0.2,1,3,5,2,5,6,4,6,6,60,49,8,50,17,27,1,1,1,4,4,4,5,5,6,4,6,4,5,4,2,1,,,1,,1,,,,,1,1,1,2,2,4,1
2019-11-01 08:00:25,2019-11-01 08:24:53,0,195.39.196.240,100,1467,1,2019-11-01 08:24:53,R_TbH9au5Q1KUaUbD,,,,,50.4546966552734375,30.5238037109375,anonymous,EN,0,0,0,70,0,0,20,10,10,3,,,,,,,,,,,1,1,1,80,0.10,0.01,1,3,2,2,4,5,6,5,5,99,100,100,62,98,100,6,4,6,5,4,5,5,5,6,5,4,6,2,2,2,,,1,,,,1,,,,,1,3,2,2,5,2
2019-11-01 09:06:21,2019-11-01 09:19:16,0,213.240.99.248,100,775,1,2019-11-01 09:19:16,R_1nZpRlkFv9yZCz2,,,,,48.15350341796875,16.385498046875,anonymous,EN,88,0,0,0,0,0,2,10,20,1,1,1,1,1,,,,1,,1,2,2,2,30,0.25,0.30,1,2,3,3,5,5,6,2,4,84,16,19,31,52,41,5,5,5,5,4,5,6,2,2,5,6,4,6,5,2,1,,,1,,,,,,1,,3,3,1,3,1,6
2019-11-01 09:06:05,2019-11-01 09:23:12,0,213.240.99.248,100,1027,1,2019-11-01 09:23:13,R_2XckhNshPJlTTmS,,,,,48.2169036865234375,16.49969482421875,anonymous,EN,70,0,0,15,5,0,10,0,3,1,1,1,1,1,,1,1,1,,1,2,2,2,20,0.10,0.35,1,6,4,5,6,7,6,4,6,26,39,34,38,11,25,4,2,5,5,6,6,4,3,3,3,7,4,4,4,2,,1,,1,,,,1,,,,1,1,1,5,1,7
2019-11-01 09:06:48,2019-11-01 09:25:50,0,213.240.99.248,100,1142,1,2019-11-01 09:25:50,R_1ps2QYTvfI67zbS,,,,,48.2169036865234375,16.49969482421875,anonymous,EN,75,0,0,10,5,0,10,0,4,1,1,1,1,1,,,,,,,4,3,3,8,0.40,0.50,2,2,5,6,6,6,6,6,6,0,0,0,0,0,0,1,2,2,7,7,7,5,3,4,6,5,4,3,3,2,,1,,,,,,1,,,,2,1,2,5,1,2
2019-11-01 08:59:45,2019-11-01 09:48:52,0,46.211.148.75,100,2947,1,2019-11-01 09:48:52,R_1mwaExT4EhwAjCb,,,,,50.4546966552734375,30.5238037109375,anonymous,EN,0,0,0,47,0,0,50,3,7,3,,,,,,,,,,,2,2,2,30,0.30,0.50,1,4,6,2,6,5,5,5,4,89,51,28,69,52,68,4,6,5,5,6,5,5,2,5,3,5,5,4,5,2,1,1,,,,,1,,,,,2,1,1,2,4,1
2019-11-01 09:57:14,2019-11-01 10:07:56,0,37.73.173.31,100,641,1,2019-11-01 10:07:56,R_1GZHI5HVHxgb5ZK,,,,,50.4499969482421875,30.5233001708984375,anonymous,EN,0,0,0,60,0,0,30,10,5,3,,,,,,,,,,,4,4,3,5,0.3,0.3,1,4,4,5,6,7,7,6,6,90,60,30,41,59,29,3,3,5,3,5,3,5,5,2,2,2,4,2,2,2,,,,,,1,1,,,,,4,1,2,2,4,1
2019-11-01 11:14:38,2019-11-01 11:26:59,0,91.141.1.251,100,740,1,2019-11-01 11:27:00,R_1rAC1pgOysfyIfG,,,,,48.15350341796875,16.385498046875,anonymous,EN,0,8,0,70,0,0,20,2,0,2,3,,1,,,,,,,,1,1,1,100,0.10,0.40,1,4,7,4,7,1,5,1,2,90,0,27,67,0,0,1,1,1,7,7,7,7,4,5,1,2,4,4,4,1,,,,,,,1,,,,,1,1,1,2,1,4
2019-11-01 10:35:22,2019-11-01 11:34:06,0,213.142.96.68,100,3524,1,2019-11-01 11:34:06,R_2AEDnmm51fr56vV,,,,,48.1967926025390625,16.3191070556640625,anonymous,EN,0,0,0,50,0,15,30,5,10,3,,,,,,,,,,,4,4,4,2,0.15,0.19,1,1,1,1,1,4,1,3,6,8,8,6,13,6,10,2,2,3,5,4,3,4,4,4,4,4,4,4,4,2,,,1,,,,1,,,,,3,3,1,3,1,7
2019-11-01 13:04:09,2019-11-01 13:12:08,0,213.142.96.46,100,479,1,2019-11-01 13:12:09,R_3lSquEOXxKkXBxo,,,,,48.1967926025390625,16.3191070556640625,anonymous,EN,0,0,15,50,0,0,20,15,8,3,,,,,,,,,,,7,7,7,100,0.36,0.4,1,2,3,2,5,4,6,5,5,69,0,0,0,0,0,3,4,5,6,4,6,4,6,2,2,6,4,4,4,1,,,,,,,1,,,,,4,3,2,3,2,1
2019-11-02 11:37:18,2019-11-02 11:49:02,0,46.219.226.210,100,703,1,2019-11-02 11:49:02,R_126kpaCATJhOQY9,,,,,49.8993072509765625,28.602294921875,anonymous,EN,50,0,0,15,0,3,12,20,6,1,1,1,1,1,,,,1,,1,4,4,4,0,0.20,0.20,1,1,2,3,4,3,4,4,5,60,19,2,7,8,0,2,4,4,2,4,5,5,4,5,6,5,4,6,4,2,1,,,,,,,,,,1,1,1,2,2,5,1
2019-11-02 16:24:54,2019-11-02 16:33:51,0,94.242.228.97,100,536,1,2019-11-02 16:33:51,R_1NfwuH6WXmMYdRO,,,,,49.75,6.1667022705078125,anonymous,EN,10,0,0,20,50,0,20,0,25,2,6,,,,,1,,,,,3,3,2,2,1.00,3.00,1,3,4,2,5,7,5,6,7,75,0,81,21,3,49,1,2,1,5,3,4,5,3,5,3,5,4,3,4,2,,1,,,,,1,,,,,4,3,1,2,4,2
2019-11-02 16:25:59,2019-11-02 16:35:59,0,176.36.151.49,100,600,1,2019-11-02 16:36:00,R_ZK9hU2N7L3omUEx,,,,,50.4546966552734375,30.5238037109375,anonymous,EN,0,0,0,100,0,0,0,0,2,3,,,,,,,,,,,1,1,1,30,0.25,0.26,1,3,3,2,3,6,6,6,6,5,21,25,16,38,9,4,3,7,6,5,5,4,6,1,2,4,5,4,5,2,,1,,,,,1,,,,,5,1,2,2,1,2
2019-11-03 01:17:09,2019-11-03 01:34:48,0,91.202.131.73,100,1058,1,2019-11-03 01:34:48,R_2aY0fK1u5maLXBc,,,,,50.4546966552734375,30.5238037109375,anonymous,EN,0,0,0,20,0,0,70,10,14,3,,,,,,,,,,,5,4,2,0,0.3,0.5,1,2,2,2,2,1,1,1,1,61,62,31,37,61,31,2,1,1,6,4,5,7,6,6,6,7,4,4,3,2,1,1,,,,,1,1,1,,,3,1,1,2,5,2
2019-11-03 02:33:18,2019-11-03 02:41:48,0,80.108.113.190,100,510,1,2019-11-03 02:41:48,R_325vt98NvTy9j6h,,,,,48.1952056884765625,16.3502960205078125,anonymous,EN,15,0,0,75,0,0,5,5,5,1,4,,,,,1,,,,1,3,4,2,16,0.10,0.10,1,2,5,5,5,2,2,3,4,64,0,16,0,0,0,4,5,4,5,5,5,5,4,5,6,3,2,5,5,2,1,,,,,,,1,,,,1,1,1,2,1,3
2019-11-03 04:21:02,2019-11-03 04:31:39,0,82.73.233.35,100,636,1,2019-11-03 04:31:40,R_pboX3YU99VyyJkB,,,,,53.1925048828125,6.5550994873046875,anonymous,EN,0,0,0,5,50,0,45,0,5,3,,,,,,,,,,,3,4,3,6,0.30,0.30,2,5,5,3,5,3,3,5,5,87,51,2,25,36,46,5,4,4,5,4,5,6,3,6,6,5,5,2,2,2,1,1,,,,,1,,,,,1,1,2,2,5,1
2019-11-03 05:18:33,2019-11-03 05:32:39,0,84.113.82.214,100,846,1,2019-11-03 05:32:39,R_294GVAeaG7v0crH,,,,,48.1981964111328125,16.391693115234375,anonymous,EN,0,0,15,70,0,0,10,5,10,3,,,,,,,,,,,3,3,4,20,0.15,0.25,1,1,1,1,1,4,1,4,5,16,10,26,19,19,36,6,7,7,7,6,7,3,2,2,1,2,6,1,1,2,,,,,,1,1,,,,,3,3,2,2,2,1
2019-11-03 05:49:34,2019-11-03 05:59:58,0,137.208.166.100,100,624,1,2019-11-03 05:59:58,R_2zSHVxJbrnJdHFH,,,,,48.1920013427734375,16.367095947265625,anonymous,EN,0,0,0,60,0,0,40,0,15,3,,,,,,,,,,,4,4,4,45,0.40,0.40,1,4,3,4,3,5,5,5,4,65,32,42,62,3,75,3,4,5,5,5,5,6,6,6,6,5,4,3,3,2,1,,,,,,1,,,,,2,3,2,3,4,1
2019-11-03 06:05:25,2019-11-03 06:17:24,0,89.252.7.35,100,719,1,2019-11-03 06:17:24,R_2SCQXE9jORFGFmL,,,,,50.4546966552734375,30.5238037109375,anonymous,EN,0,0,0,40,0,0,50,10,4,3,,,,,,,,,,,2,2,3,21,0.30,0.35,2,6,5,5,5,4,3,5,5,4,19,6,8,0,32,5,5,5,3,2,2,5,5,3,6,5,3,2,3,2,1,,1,,,,1,1,,,,2,3,1,2,4,1
2019-11-03 06:11:25,2019-11-03 06:20:22,0,80.110.127.105,100,536,1,2019-11-03 06:20:22,R_3dXnEMk8bRFF2X5,,,,,48.15350341796875,16.385498046875,anonymous,EN,10,0,0,80,0,0,10,0,12,2,4,,,1,,,,,,,3,3,1,1,0.10,0.30,1,1,1,4,5,6,1,1,1,0,0,0,0,0,0,4,7,5,6,6,6,5,4,4,1,4,4,3,3,2,1,,,,,,1,,,,,5,2,2,2,5,2
2019-11-03 06:16:32,2019-11-03 06:32:43,0,77.119.130.255,100,971,1,2019-11-03 06:32:44,R_2donPwdWgid05p5,,,,,48.1981964111328125,16.391693115234375,anonymous,EN,50,0,0,0,0,0,50,0,0,1,2,,,,,,,1,,,1,1,1,35,0.30,0.50,1,4,6,4,6,7,5,5,5,89,85,73,70,79,92,3,1,4,6,5,6,1,1,5,3,3,4,5,4,1,,,,,,,,1,,,,2,3,1,4,1,5
2019-11-03 06:23:34,2019-11-03 06:34:36,0,82.141.237.113,100,661,1,2019-11-03 06:34:36,R_3rGuyVQHkXXxLiF,,,,,53.33380126953125,-6.2487945556640625,anonymous,EN,0,0,0,10,5,0,70,15,1,3,,,,,,,,,,,5,4,3,20,0.40,0.45,1,2,4,2,5,4,5,5,6,1,40,2,31,1,51,5,4,5,4,4,4,5,2,4,3,5,4,1,1,2,1,,,,,1,,1,,,,1,1,2,2,4,3
2019-11-03 06:18:33,2019-11-03 06:58:49,0,88.117.72.176,100,2415,1,2019-11-03 06:58:49,R_DbIIkAM6ZSAv3TX,,,,,48.233795166015625,16.29010009765625,anonymous,EN,25,0,0,70,0,0,5,0,8,1,2,,,1,1,,,,,,5,4,3,4,0.12,0.12,1,6,5,4,4,1,2,7,4,97,7,6,94,8,99,6,6,4,7,4,7,6,1,7,5,2,6,1,1,2,,,,,,1,1,,,1,,2,1,2,3,5,3
2019-11-03 08:19:28,2019-11-03 08:29:11,0,212.95.5.183,100,583,1,2019-11-03 08:29:11,R_XMUKGke6K0Xb2TL,,,,,48.1952056884765625,16.3502960205078125,anonymous,EN,50,0,0,30,0,0,20,0,6,2,1,,1,1,1,,,,,,5,5,5,1,2.00,2.00,1,5,5,5,5,5,5,5,4,15,5,4,4,4,4,3,2,2,3,3,4,5,4,5,5,5,3,2,3,2,1,,,,,,,,1,,,2,1,2,2,5,2
2019-11-03 09:13:36,2019-11-03 09:25:39,0,194.166.60.150,100,723,1,2019-11-03 09:25:40,R_2YJsOSNTBpyLSTj,,,,,48.1094970703125,15.88189697265625,anonymous,EN,0,0,0,49,0,0,50,1,8,3,,,,,,,,,,,3,2,2,10,0.33,0.33,1,1,3,1,5,3,6,4,7,0,2,52,19,0,2,4,4,4,4,6,6,5,2,6,5,4,4,3,4,2,1,,,1,,,1,,,,,1,3,1,3,1,5
2019-11-03 09:17:58,2019-11-03 09:26:04,0,213.225.32.238,100,486,1,2019-11-03 09:26:05,R_C2KW3Et4lcp72tX,,,,,48.307403564453125,14.285003662109375,anonymous,EN,0,0,0,60,0,0,30,10,5,3,,,,,,,,,,,6,6,6,8,0.10,0.10,1,6,2,2,6,2,2,3,3,77,0,0,0,0,0,2,1,2,4,5,4,5,5,3,5,3,4,5,3,2,1,,,,,,1,,,,,1,3,1,3,1,4
2019-11-03 09:33:08,2019-11-03 09:39:39,0,80.110.99.247,100,391,1,2019-11-03 09:39:39,R_33DLXBMfGWA8zBG,,,,,48.2169036865234375,16.49969482421875,anonymous,EN,0,0,0,70,0,0,30,0,5,3,,,,,,,,,,,2,2,1,21,0.10,0.12,1,2,5,5,5,2,5,2,5,86,84,35,76,64,66,5,2,2,6,4,5,5,5,5,5,3,3,2,2,2,1,,,,,,1,,,,,4,1,2,3,5,3
2019-11-03 10:09:30,2019-11-03 10:17:14,0,178.115.128.38,100,464,1,2019-11-03 10:17:15,R_2fDJqGWlaHz0Ezf,,,,,48.1667022705078125,14.033294677734375,anonymous,EN,20,0,10,50,5,0,5,10,105,2,4,1,1,,,,,,,1,2,2,2,100,0.40,0.70,1,5,7,4,7,5,7,7,6,83,13,21,10,21,22,2,5,5,6,6,6,7,6,5,2,7,5,1,2,1,,,,,,,1,,,,,1,1,2,2,5,3
2019-11-03 10:10:25,2019-11-03 10:21:42,0,80.110.104.147,100,677,1,2019-11-03 10:21:42,R_3MhesQshVaOdnZP,,,,,48.2993927001953125,16.347900390625,anonymous,EN,0,3,0,5,70,0,20,2,3,3,,,,,,,,,,,1,1,1,17,0.30,0.35,1,4,1,1,4,5,5,5,4,0,0,0,1,2,0,2,6,2,6,6,6,5,5,5,3,6,4,4,5,2,1,,,,,,,,,,1,4,3,1,3,1,5
2019-11-03 10:39:11,2019-11-03 10:45:21,0,178.165.130.112,100,370,1,2019-11-03 10:45:22,R_3kwjfOpVjnM17mF,,,,,48.17730712890625,16.24560546875,anonymous,EN,20,0,0,50,5,0,20,5,14,1,2,,1,,1,1,,,,1,6,6,6,3,4.00,3.00,1,2,2,2,4,1,2,4,2,5,23,24,25,24,88,1,5,2,5,3,5,6,6,2,6,3,4,6,6,2,,1,,,,,1,,,,,1,1,2,2,5,3
2019-11-03 10:43:53,2019-11-03 10:52:26,0,84.114.59.110,100,512,1,2019-11-03 10:52:27,R_3qBZ9tN8ZEVxBFi,,,,,48.235595703125,16.319305419921875,anonymous,EN,0,0,0,70,0,0,30,0,5,3,,,,,,,,,,,3,4,4,41,0.05,0.06,1,2,3,2,3,3,3,4,3,67,53,65,53,60,23,2,1,2,5,4,4,3,1,3,4,3,4,4,3,2,1,,,,,,,,1,,,1,2,2,3,1,4
2019-11-03 10:20:11,2019-11-03 11:05:14,0,91.141.3.199,100,2702,1,2019-11-03 11:05:14,R_30udMcAiimW5zDS,,,,,48.005401611328125,16.23260498046875,anonymous,EN,20,0,0,65,10,0,5,0,11,2,2,1,1,1,,1,,,,1,6,4,5,10,0.00,0.15,2,2,2,2,6,1,1,5,2,3,3,2,2,2,2,2,4,2,4,5,4,4,4,5,6,5,4,2,1,2,1,,1,1,,,1,,,,,2,1,1,2,1,4
2019-11-03 12:14:31,2019-11-03 12:23:56,0,91.115.111.78,100,565,1,2019-11-03 12:23:56,R_1Kr2FgMDvXIbcPL,,,,,48.15350341796875,16.385498046875,anonymous,EN,30,0,0,70,0,0,0,0,2,2,3,,,,,,,,,1,7,4,7,0,0.25,0.25,1,2,5,2,2,5,2,5,5,60,23,3,60,7,77,3,2,2,5,4,6,3,4,3,6,4,4,5,4,2,1,1,,,,,1,,1,,,1,3,2,2,5,1
2019-11-03 12:19:01,2019-11-03 12:31:26,0,213.225.12.154,100,745,1,2019-11-03 12:31:26,R_1mVs8yGwiij2h5v,,,,,47.0832977294921875,15.5666961669921875,anonymous,EN,0,5,0,50,5,15,20,5,20,3,,,,,,,,,,,1,3,3,0,0.50,0.50,1,1,1,1,1,1,1,1,1,0,0,4,0,0,22,1,1,1,1,1,1,5,5,1,5,5,4,6,7,2,1,,,,,,1,,,,,1,1,1,3,5,3
2019-11-03 12:50:14,2019-11-03 13:03:09,0,178.165.129.200,100,774,1,2019-11-03 13:03:09,R_2Cqe7ArNcA0HQ4t,,,,,48.1432952880859375,16.29339599609375,anonymous,EN,90,0,0,10,0,0,0,0,25,1,1,1,1,1,,1,,1,,,2,2,2,19,0.08,0.1,1,2,2,5,6,5,6,5,5,0,0,0,0,0,0,3,1,1,6,6,6,5,5,2,7,6,4,3,3,2,1,,,,,,,1,1,,,1,1,1,3,1,6
2019-11-03 14:02:05,2019-11-03 14:13:44,0,84.113.214.28,100,699,1,2019-11-03 14:13:45,R_T6fpoSPqwt6OShX,,,,,48.233795166015625,16.29010009765625,anonymous,EN,0,0,0,70,10,0,20,0,5,3,,,,,,,,,,,6,6,6,10,0.10,0.15,1,2,2,1,4,2,2,6,3,10,0,13,0,0,0,1,1,1,6,2,6,4,2,3,6,6,4,7,3,2,1,,,,,,1,,,,,4,2,1,3,1,4
2019-11-03 14:44:17,2019-11-03 14:56:53,0,80.110.79.163,100,756,1,2019-11-03 14:56:54,R_3F34ESdvwgEGIOX,,,,,48.216705322265625,16.399993896484375,anonymous,EN,20,5,0,60,0,0,15,0,12,1,2,1,1,1,,,,,,1,6,5,4,3,0.10,0.20,1,3,5,3,3,6,3,3,5,61,47,34,39,21,7,4,3,6,6,4,5,6,6,5,3,3,5,5,6,2,1,1,,1,,,1,,,1,,2,3,2,3,1,4
2019-11-03 15:42:16,2019-11-03 15:54:50,0,62.178.122.63,100,754,1,2019-11-03 15:54:50,R_27lM3ikL1Jhzb27,,,,,48.17120361328125,16.3209991455078125,anonymous,EN,50,10,10,8,0,0,20,2,0,2,2,1,1,,,1,1,1,1,1,2,2,1,65,0.25,0.29,1,5,5,4,5,6,6,4,4,62,92,62,70,9,91,2,3,3,4,2,4,5,5,5,3,5,2,3,3,1,,,,,,,,1,1,,,1,1,2,4,4,7
2019-11-03 23:29:40,2019-11-03 23:40:27,0,89.144.209.159,100,647,1,2019-11-03 23:40:27,R_1Dvy7euC7BuZaw1,,,,,48.1999969482421875,16.36669921875,anonymous,EN,0,25,0,25,0,0,50,0,10,2,2,,,,,,,1,,,1,1,5,0,0.02,0.02,1,4,4,4,4,4,4,4,4,73,5,0,46,100,0,5,3,3,4,3,4,5,3,4,5,4,3,2,3,2,,,,1,,,,1,,,,1,1,1,2,1,4
2019-11-03 23:46:03,2019-11-04 00:02:20,0,62.46.99.88,100,977,1,2019-11-04 00:02:21,R_2sShVi1Why6imOV,,,,,48.5500030517578125,16.0832977294921875,anonymous,EN,60,0,0,30,0,0,10,0,10,2,2,1,1,1,1,1,1,1,,1,6,6,5,10,0.30,0.40,1,4,4,4,4,2,3,4,5,0,0,0,0,37,27,5,3,3,4,3,3,5,2,5,5,5,4,3,3,2,1,1,,,,,1,1,1,1,,4,3,2,2,2,1
2019-11-04 00:19:58,2019-11-04 00:45:06,0,195.34.153.5,100,1508,1,2019-11-04 00:45:06,R_3KV2IEMmHVCX4yp,,,,,48.20770263671875,16.1753997802734375,anonymous,EN,55,0,0,30,5,0,10,0,18,1,1,1,1,1,,1,1,,,1,4,5,5,5,0.50,1.00,1,2,2,1,5,2,2,2,1,80,39,55,61,35,50,2,5,3,4,5,4,6,1,5,5,5,4,3,4,2,1,1,,,1,,1,,,,,1,1,1,2,1,5
2019-11-04 00:47:01,2019-11-04 01:04:57,0,185.69.244.39,100,1076,1,2019-11-04 01:04:58,R_1KNwldkPAAaQ0GR,,,,,48.15350341796875,16.385498046875,anonymous,EN,30,0,0,40,0,0,30,0,9,2,2,,,,1,,,,,,5,5,4,25,0.16,0.17,1,4,4,4,4,5,2,6,2,1,0,0,0,1,0,4,2,2,5,4,5,6,6,2,5,5,4,3,3,2,,1,,,,,1,,,1,,4,3,1,2,4,1
2019-11-04 00:57:25,2019-11-04 01:09:35,0,62.46.26.81,100,729,1,2019-11-04 01:09:35,R_UlquOqGOw3jp1dL,,,,,48.5500030517578125,16.0832977294921875,anonymous,EN,60,0,0,20,0,0,20,0,5,1,1,1,1,,1,,,,,1,5,4,2,10,0.50,0.75,1,4,2,4,4,4,5,5,5,9,0,0,0,1,0,4,4,5,5,4,4,5,4,5,6,5,4,3,3,2,,1,,,,,,1,,,,3,3,2,2,4,1
2019-11-04 01:28:47,2019-11-04 01:35:07,0,195.34.150.8,100,379,1,2019-11-04 01:35:08,R_3NUKLBf2m4Cu79u,,,,,48.233306884765625,16.350006103515625,anonymous,EN,0,0,0,75,5,0,20,0,2,3,,,,,,,,,,,3,3,3,13,0.05,0.08,1,2,2,2,5,5,1,2,2,40,61,0,8,11,73,1,1,1,5,2,3,3,5,4,6,7,7,1,2,2,1,,,,,,,,1,,,2,2,1,6,1,7
2019-11-04 00:50:33,2019-11-04 02:02:47,0,92.248.41.6,100,4334,1,2019-11-04 02:02:47,R_6eVKAG9rDGS6t7b,,,,,48.1999969482421875,16.36669921875,anonymous,EN,15,5,0,65,0,0,15,0,10,1,2,,,,1,,,,,,2,3,3,10,0.20,0.3,1,3,4,2,5,5,2,2,5,51,0,0,0,0,0,4,4,2,5,2,3,3,1,2,4,3,4,6,6,2,1,,,,,,1,,,,,3,3,2,2,4,1
2019-11-04 02:35:56,2019-11-04 02:46:07,0,213.147.163.201,100,610,1,2019-11-04 02:46:07,R_e5wcMBT0egnxnJT,,,,,48.2169036865234375,16.49969482421875,anonymous,EN,90,0,0,0,0,0,10,0,6,1,2,,1,,1,,,,,1,6,3,2,0,1.00,1.00,2,6,6,2,2,1,6,6,6,9,0,35,37,88,100,1,1,1,2,4,4,7,2,6,7,6,4,2,1,2,1,1,,1,,,,,,1,,4,3,2,2,5,1
2019-11-04 08:19:56,2019-11-04 08:28:36,0,137.208.165.133,100,519,1,2019-11-04 08:28:36,R_3HhRUA7pSSR04zF,,,,,48.1920013427734375,16.367095947265625,anonymous,EN,25,0,0,35,0,5,20,15,6,1,3,1,,,,,,,,,5,5,4,9,0.35,0.35,1,2,3,1,1,4,3,5,3,0,0,0,0,0,0,4,7,2,5,4,4,4,1,2,3,3,4,6,6,2,1,,,,,,1,,,,,1,1,2,2,4,3
2019-11-04 08:19:46,2019-11-04 08:29:57,0,137.208.186.191,100,611,1,2019-11-04 08:29:58,R_1obwM1bibpSezt0,,,,,48.1920013427734375,16.367095947265625,anonymous,EN,15,0,0,60,0,0,20,5,7,2,4,1,1,,,1,,,,1,3,3,2,50,0.25,0.25,2,2,2,2,2,6,6,6,6,5,5,66,66,5,48,4,6,4,5,4,5,5,3,5,6,3,3,3,3,2,1,,1,,1,,1,,1,,,1,1,2,2,5,2
2019-11-04 08:25:42,2019-11-04 08:32:51,0,46.125.249.96,100,428,1,2019-11-04 08:32:51,R_10YO1m7U7VM0BSs,,,,,48.2169036865234375,16.49969482421875,anonymous,EN,10,0,0,10,0,0,75,5,25,2,4,1,1,,,,,,1,1,6,5,2,3,0.31,0.35,1,1,5,1,1,1,1,7,7,100,100,88,81,100,23,7,1,7,7,7,7,7,7,7,4,4,6,1,1,2,,1,,,,,1,,,,,1,1,2,2,5,2
2019-11-04 08:26:33,2019-11-04 08:33:05,0,137.208.165.158,100,391,1,2019-11-04 08:33:05,R_XLeGyAxIcjn82v7,,,,,48.1920013427734375,16.367095947265625,anonymous,EN,0,20,0,70,0,5,0,5,7,3,,,,,,,,,,,2,2,2,12,0.50,0.60,1,1,2,2,4,1,2,1,2,30,1,1,1,1,1,2,1,2,6,5,6,5,3,5,5,6,4,4,4,2,1,,,,,,1,,,,,2,3,2,2,4,2
2019-11-04 08:29:10,2019-11-04 08:36:02,0,172.98.93.185,100,412,1,2019-11-04 08:36:03,R_3ha1htl0oB0fXq2,,,,,33.7552947998046875,-84.38860321044921875,anonymous,EN,0,0,0,80,0,0,10,10,14,2,6,,,,,,,,,1,2,2,2,30,0.19,0.21,1,2,4,2,4,5,2,5,4,73,16,10,31,37,37,4,4,4,6,5,5,5,5,5,2,4,4,2,3,1,,,,,,,1,,,,,2,3,2,2,4,1
2019-11-04 08:32:04,2019-11-04 08:37:47,0,137.208.238.39,100,343,1,2019-11-04 08:37:47,R_3R8j5eyhD7FQdFb,,,,,48.1920013427734375,16.367095947265625,anonymous,EN,5,10,10,70,0,0,5,0,7,2,6,1,1,,,1,,,,,6,6,2,4,0.00,0,1,1,1,1,1,1,1,1,1,68,5,5,4,4,4,1,1,1,4,4,4,7,7,5,7,7,3,6,6,2,,,,,,1,,,,,1,1,1,2,2,5,1
2019-11-04 08:33:06,2019-11-04 08:38:49,0,137.208.164.142,100,342,1,2019-11-04 08:38:49,R_3KtogaA5SRz4Sl3,,,,,48.1920013427734375,16.367095947265625,anonymous,EN,0,30,0,70,0,0,0,0,15,3,,,,,,,,,,,5,3,3,30,0.50,0.70,1,2,6,2,5,5,6,2,2,89,60,46,71,20,8,2,2,2,5,4,5,6,1,2,7,6,3,1,2,2,1,,,,,,,,1,,,3,1,1,2,5,3
2019-11-04 08:28:02,2019-11-04 08:38:55,0,193.171.26.74,100,653,1,2019-11-04 08:38:56,R_20TM9VLVnrudnvC,,,,,48.2006072998046875,16.3672027587890625,anonymous,EN,0,0,0,60,0,0,40,0,7,3,,,,,,,,,,,3,4,4,6,1.5,1.50,1,2,2,2,6,6,6,6,6,56,14,10,37,37,15,3,5,2,5,4,4,5,6,6,3,6,5,5,5,2,1,,,,,,1,,,,,3,1,2,3,4,1
2019-11-04 08:41:05,2019-11-04 08:48:04,0,37.161.17.71,100,418,1,2019-11-04 08:48:05,R_1nUs7o7i7RHFu8p,,,,,43.1479034423828125,12.1096954345703125,anonymous,EN,0,0,0,80,0,0,20,0,1,2,6,,1,1,,,,,,1,2,2,2,43,0.50,0.50,1,4,5,5,5,3,3,5,5,70,0,0,0,0,58,4,3,5,6,6,6,3,5,3,3,4,5,3,3,2,1,,,,,,1,,,,,2,1,2,2,4,1
2019-11-04 08:47:15,2019-11-04 08:54:38,0,46.125.249.79,100,443,1,2019-11-04 08:54:39,R_Dx7RS47QwRj36wh,,,,,48.2169036865234375,16.49969482421875,anonymous,EN,0,0,0,50,0,0,50,0,4,3,,,,,,,,,,,3,3,1,30,1,3,1,1,4,4,4,3,5,3,5,80,84,67,50,35,34,4,1,3,6,4,4,4,1,6,3,5,4,3,3,1,,,,,,,1,,,,,1,3,1,2,4,2
2019-11-04 08:42:54,2019-11-04 08:55:15,0,90.64.191.230,100,741,1,2019-11-04 08:55:16,R_3OjLPanDQimzLz9,,,,,49.064300537109375,18.927398681640625,anonymous,EN,0,5,0,88,0,0,5,2,7,3,,,,,,,,,,,3,3,3,30,0.05,0.10,1,4,4,1,5,4,6,1,4,79,0,0,31,71,100,1,1,1,5,4,6,3,1,2,2,2,4,4,4,2,,1,,,,,1,,,,,3,3,1,3,1,1
2019-11-04 10:53:25,2019-11-04 11:08:26,0,178.165.131.94,100,901,1,2019-11-04 11:08:27,R_126cSTyBYbs0hau,,,,,48.2993927001953125,16.347900390625,anonymous,EN,0,0,0,59,1,0,30,10,16,3,,,,,,,,,,,2,2,2,2,0.20,0.20,1,1,2,2,4,5,7,5,6,76,0,84,52,14,13,4,6,6,5,5,5,6,7,5,4,3,6,5,2,2,,1,,,,1,1,1,,,,5,1,2,3,5,3
2019-11-04 10:52:19,2019-11-04 11:08:34,0,137.208.183.171,100,974,1,2019-11-04 11:08:34,R_25HKGVLeuRV8U81,,,,,48.1920013427734375,16.367095947265625,anonymous,EN,0,0,0,59,10,1,25,5,6,3,,,,,,,,,,,3,4,2,12,0.25,0.40,1,6,5,5,5,4,3,2,5,85,8,4,5,4,4,2,2,2,7,6,3,6,2,2,2,5,4,2,3,2,1,,,,,,1,,,,,2,3,1,2,4,3
2019-11-04 13:46:20,2019-11-04 13:53:57,0,80.110.97.32,100,457,1,2019-11-04 13:53:57,R_06AAHgkeUV4WEmt,,,,,48.186492919921875,16.3549041748046875,anonymous,EN,0,0,1,80,4,0,15,0,5,3,,,,,,,,,,,3,2,2,81,0.15,0.15,1,3,3,2,4,5,5,2,6,72,29,11,18,20,28,2,2,2,5,5,6,6,3,3,4,5,4,3,3,1,,,,,,,1,,,1,,3,2,1,2,5,3
2019-11-04 13:43:59,2019-11-04 14:04:31,0,213.225.10.230,100,1232,1,2019-11-04 14:04:32,R_29ujl3vBvOTaWFQ,,,,,48.216705322265625,16.399993896484375,anonymous,EN,0,0,10,70,0,0,10,10,10,2,3,,1,,,,,,1,,1,1,2,89,0.45,0.35,1,7,6,4,1,7,4,6,7,26,10,9,7,12,3,2,2,2,6,5,6,2,2,2,2,2,5,2,3,1,,,,,,,1,,,1,,4,2,1,2,5,3
2019-11-04 15:28:05,2019-11-04 15:38:09,0,193.154.9.155,100,603,1,2019-11-04 15:38:09,R_10Z6dmE0zOxPvC6,,,,,48.1432952880859375,16.29339599609375,anonymous,EN,15,0,2,15,28,7,25,8,15,2,4,1,,,,,,,,,3,3,2,100,0.29,0.29,1,3,3,1,5,4,7,5,6,88,11,29,51,67,25,4,4,4,6,6,6,5,3,1,1,5,5,4,4,1,,,,,,,,,1,,,1,1,2,3,5,3
2019-11-05 00:33:55,2019-11-05 00:45:19,0,213.142.96.62,100,684,1,2019-11-05 00:45:19,R_3nOsNgODSoqn421,,,,,48.15350341796875,16.385498046875,anonymous,EN,20,0,0,80,0,0,0,0,10,1,2,,,,,,,,,1,6,6,6,29,0.30,0.40,1,4,5,5,5,3,7,4,7,9,10,31,89,8,89,4,4,4,6,5,6,1,2,2,2,2,4,4,5,1,,,,,,,1,1,,,,2,1,1,3,5,3
2019-11-05 01:33:52,2019-11-05 01:49:07,0,91.141.1.131,100,915,1,2019-11-05 01:49:07,R_77nVrwFghpknrCp,,,,,48.15350341796875,16.385498046875,anonymous,EN,10,0,0,50,0,0,40,0,5.8,2,6,,1,,1,,,,,,6,6,3,2,0.10,0.15,1,1,2,1,3,1,6,2,3,73,46,34,39,19,48,1,4,4,3,4,6,6,2,1,6,7,4,3,5,2,1,,,,1,1,,,,1,,1,1,1,2,4,1
2019-11-05 02:01:22,2019-11-05 02:08:43,0,137.208.164.144,100,441,1,2019-11-05 02:08:44,R_cIIB3vfzvYDcGop,,,,,48.2006072998046875,16.3672027587890625,anonymous,EN,15,0,0,60,0,0,25,0,9,2,3,1,,,,,,1,,,4,3,5,25,0.25,0.35,1,1,2,1,1,4,3,6,5,7,30,17,20,47,58,2,4,2,4,4,4,5,2,3,5,4,4,4,3,2,,1,,,,,1,1,,,,2,3,1,3,4,1
2019-11-05 05:22:06,2019-11-05 05:29:05,0,137.208.54.146,100,418,1,2019-11-05 05:29:05,R_1ImIShJhVnbxPvP,,,,,48.1920013427734375,16.367095947265625,anonymous,EN,0,10,0,70,0,0,20,0,2,3,,,,,,,,,,,4,3,3,0,0.25,0.25,1,4,4,4,4,1,1,5,3,0,0,0,0,0,0,1,1,1,5,5,6,5,1,3,6,5,4,3,3,2,1,,,,,,1,,,,,2,3,1,3,1,2
2019-11-05 07:19:50,2019-11-05 07:29:26,0,137.208.170.165,100,576,1,2019-11-05 07:29:26,R_3oYk5kiW3snjyMb,,,,,48.1920013427734375,16.367095947265625,anonymous,EN,0,5,5,25,0,5,55,5,0,3,,,,,,,,,,,1,1,1,100,0.35,0.50,1,1,3,1,6,3,7,7,7,3,6,100,100,7,6,1,1,1,6,3,6,1,2,1,1,4,5,3,3,1,,,,,,,1,,,,,4,2,1,2,4,4
2019-11-05 09:27:41,2019-11-05 09:34:51,0,89.144.202.131,100,430,1,2019-11-05 09:34:51,R_1ghXtZotYtH6hpK,,,,,48.1999969482421875,16.36669921875,anonymous,EN,0,0,10,50,0,0,30,10,5,2,6,1,1,,,1,1,,1,1,1,1,1,100,0.90,0.90,1,1,5,1,6,2,7,4,6,10,10,43,10,11,100,4,4,4,6,5,5,2,1,2,1,2,4,6,4,1,,,,,,,1,,,,,5,3,1,2,4,4
2019-11-05 13:09:56,2019-11-05 13:18:37,0,81.217.213.122,100,520,1,2019-11-05 13:18:37,R_2EzQCFmsZ72g4Pj,,,,,48.1199951171875,16.3932037353515625,anonymous,EN,60,15,0,8,2,1,10,4,5,1,1,1,1,1,,1,,1,1,1,6,6,5,11,0.35,0.40,1,4,4,4,7,2,7,2,1,20,19,2,18,27,2,1,5,5,5,5,7,5,1,2,5,5,5,7,4,2,,1,,,,,,1,,,,1,1,1,4,1,7
2019-11-05 13:15:45,2019-11-05 13:21:40,0,80.110.127.99,100,355,1,2019-11-05 13:21:40,R_2duUrMZAH1S2TcA,,,,,48.1981964111328125,16.391693115234375,anonymous,EN,10,0,0,60,10,0,20,0,15,1,2,1,1,,,,,,,1,7,7,7,0,0.00,0.00,1,1,1,1,1,1,1,1,1,12,100,30,53,7,10,1,1,1,1,1,1,6,3,6,7,7,4,6,6,2,1,,,,,,,,,,1,1,3,2,3,1,6
2019-11-05 13:20:10,2019-11-05 13:26:20,0,213.162.73.117,100,369,1,2019-11-05 13:26:20,R_3qxTQTkNQv7Grni,,,,,48.042694091796875,14.421295166015625,anonymous,EN,0,0,0,80,0,0,10,10,7,3,,,,,,,,,,,4,3,6,8,0.80,0.85,1,2,2,2,4,6,4,4,6,99,41,26,77,27,30,1,1,2,3,2,3,7,6,6,6,6,1,5,4,2,1,,,,,,1,,,,,1,1,2,2,4,1
2019-11-05 13:14:57,2019-11-05 13:27:47,0,89.144.218.42,100,769,1,2019-11-05 13:27:48,R_3NOq5z1Px7bmduc,,,,,48.1999969482421875,16.36669921875,anonymous,EN,60,5,0,5,10,0,20,0,5,1,2,,,1,,1,1,1,,1,7,7,7,0,0,0,1,5,3,1,5,5,1,5,5,69,28,14,16,33,34,4,4,5,3,2,2,5,5,5,5,6,4,3,3,2,,,,1,,1,,,,,1,1,3,2,4,1,5
2019-11-05 13:22:35,2019-11-05 13:30:44,0,80.110.79.190,100,489,1,2019-11-05 13:30:45,R_1fgeV7DrHs9tQmH,,,,,48.1920013427734375,16.367095947265625,anonymous,EN,0,5,0,65,0,0,30,0,1.5,3,,,,,,,,,,,4,4,4,5,0.10,0.15,1,1,1,1,6,5,5,2,5,0,0,9,0,0,0,5,4,4,5,4,5,4,4,4,4,4,4,4,4,2,1,,,,,,1,,,,,1,1,1,2,4,1
2019-11-05 13:37:31,2019-11-05 13:52:13,0,81.217.19.195,100,881,1,2019-11-05 13:52:13,R_1jkod6QyZRgh9xh,,,,,48.100006103515625,16.283294677734375,anonymous,EN,75,0,0,15,0,0,5,5,8,2,1,1,1,,1,,,,,1,4,6,2,0,0.40,0.30,1,4,5,5,5,1,5,1,2,72,64,25,39,60,13,2,4,4,6,6,6,5,2,3,3,2,4,4,3,2,1,,,,,,,,,1,,4,1,1,2,4,1
2019-11-05 13:48:17,2019-11-05 13:56:31,0,46.125.249.50,100,493,1,2019-11-05 13:56:31,R_1E4pM1RVQ9iDLYa,,,,,48.2169036865234375,16.49969482421875,anonymous,EN,10,0,4,55,20,0,10,1,4,1,3,1,,,,,,,1,1,1,1,1,95,0.30,0.31,1,2,2,2,5,3,6,3,6,2,2,2,0,2,2,2,3,5,7,3,6,6,5,3,3,5,5,5,3,1,,,,,,,1,1,,,,4,1,2,3,1,6
2019-11-05 14:06:29,2019-11-05 14:12:46,0,86.165.118.37,100,376,1,2019-11-05 14:12:47,R_3Okwo8QRg3p3f4s,,,,,51.48809814453125,-0.164703369140625,anonymous,EN,0,0,0,45,0,0,45,10,3,3,,,,,,,,,,,6,6,4,3,0.05,0.05,1,3,3,2,3,3,2,2,4,11,9,44,7,6,49,4,4,4,3,2,2,5,3,5,4,4,4,4,4,2,1,,,,,,1,,,,,1,3,2,2,1,3
2019-11-05 14:14:07,2019-11-05 14:24:06,0,185.69.244.113,100,599,1,2019-11-05 14:24:06,R_20YHsB5zsfPiO6q,,,,,48.15350341796875,16.385498046875,anonymous,EN,0,0,0,70,0,0,20,10,6,3,,,,,,,,,,,2,2,4,21,0.08,0.10,1,1,2,1,2,1,6,1,3,78,22,28,9,14,49,3,6,2,6,6,6,6,6,3,2,2,4,6,6,2,1,,,,,,1,,,,,1,1,1,3,5,4
2019-11-05 14:18:26,2019-11-05 14:38:05,0,84.114.250.98,100,1178,1,2019-11-05 14:38:05,R_1Fb7eXer0s7hisX,,,,,48.17120361328125,16.3209991455078125,anonymous,EN,10,0,0,60,5,0,20,5,7,3,,,,,,,,,,,5,4,2,10,0.25,0.35,1,1,1,1,5,2,2,3,5,0,0,0,0,0,0,2,7,2,6,4,6,5,4,3,2,2,4,3,3,2,1,,,,,,1,,,1,,4,3,1,2,5,2
2019-11-05 14:40:07,2019-11-05 14:49:49,0,178.165.129.151,100,582,1,2019-11-05 14:49:49,R_doplATqMjDmuUdb,,,,,48.1432952880859375,16.29339599609375,anonymous,EN,10,0,0,70,10,0,10,0,10,2,4,1,1,,,,,,,1,2,2,2,30,0.10,0.10,1,2,3,2,6,4,1,5,5,8,1,1,8,1,1,3,4,4,5,5,6,4,4,2,6,5,5,5,4,2,,1,,,,1,1,1,,,,2,3,1,5,1,6
2019-11-05 14:45:30,2019-11-05 14:54:07,0,188.22.60.97,100,517,1,2019-11-05 14:54:07,R_3PhjmICYAyOlQDA,,,,,48.17730712890625,16.24560546875,anonymous,EN,98,0,0,1,0,0,0,1,10,1,1,1,1,1,,,1,1,1,1,3,3,1,0,0.00,0.00,1,1,6,1,1,1,1,1,1,0,0,0,0,0,0,1,4,2,4,4,5,7,2,6,7,7,3,1,1,2,,,,1,1,,,1,,,,1,1,2,5,1,7
2019-11-05 14:52:13,2019-11-05 15:07:42,0,49.195.126.179,100,928,1,2019-11-05 15:07:43,R_Z4WOz3a1KNqW5Q5,,,,,-33.859100341796875,151.2001953125,anonymous,EN,0,0,0,80,0,0,10,10,9,3,,,,,,,,,,,3,5,5,70,0.05,0.05,1,5,5,4,5,5,6,6,2,100,0,0,50,0,0,4,4,4,6,6,6,6,5,5,5,6,4,3,3,2,,,1,,1,1,1,,,1,,1,3,1,2,4,3
2019-11-05 15:14:00,2019-11-05 15:26:38,0,80.110.102.114,100,758,1,2019-11-05 15:26:38,R_3qBBzY1RaEszqT2,,,,,48.16400146484375,16.4463043212890625,anonymous,EN,25,0,0,60,0,1,10,4,5,2,2,1,1,,,1,,,,1,2,3,1,80,0.50,0.50,1,2,2,2,4,3,5,5,5,9,1,0,0,0,0,1,1,1,5,5,6,3,1,2,2,3,4,5,6,2,1,,,,,,1,1,,,,2,1,1,2,5,2
2019-11-05 15:57:34,2019-11-05 16:08:19,0,142.244.5.152,100,644,1,2019-11-05 16:08:20,R_w7uOAjvwkXdWtdD,,,,,53.5200042724609375,-113.53189849853515625,anonymous,EN,0,0,5,80,0,0,7,8,9,3,,,,,,,,,,,1,1,1,56,1.00,1.00,2,2,5,3,6,6,6,7,7,32,2,2,9,1,1,4,4,4,7,5,6,5,5,5,5,4,4,5,3,2,1,,,,,1,1,,,,,3,3,2,3,5,2
2019-11-05 16:06:57,2019-11-05 16:18:55,0,77.119.131.152,100,717,1,2019-11-05 16:18:55,R_1PcRZi0Bubl70ty,,,,,48.1952056884765625,16.3502960205078125,anonymous,EN,20,30,0,20,0,5,20,5,0,1,5,1,1,,,1,,,,1,2,2,2,26,0.20,0.20,1,2,2,3,5,4,6,3,6,41,16,14,27,10,3,2,4,5,6,4,6,2,2,2,5,6,5,3,3,2,,,,,,1,1,1,1,1,,2,3,1,5,1,7
2019-11-05 17:04:33,2019-11-05 17:14:02,0,62.99.145.110,100,569,1,2019-11-05 17:14:02,R_UhJqDdkIOCElZEB,,,,,48.1967926025390625,16.3191070556640625,anonymous,EN,80,0,0,0,0,0,0,20,12,1,1,1,1,,1,,,,,1,6,4,1,20,2.00,2.00,1,1,1,1,1,3,6,4,2,80,0,52,31,62,13,3,5,5,4,2,3,7,1,7,1,4,4,7,7,2,,1,,,,,1,1,,,,1,1,2,2,4,7
2019-11-06 00:43:44,2019-11-06 00:49:14,0,195.34.150.3,100,330,1,2019-11-06 00:49:15,R_22LIgwJ30egvnRE,,,,,48.231292724609375,16.3488006591796875,anonymous,EN,0,0,0,90,0,0,10,0,0,3,,,,,,,,,,,1,1,1,70,1,1.5,1,7,5,4,4,1,1,1,4,45,12,0,64,51,28,5,6,5,7,7,7,4,2,3,3,6,7,3,1,2,,,,,,1,1,,,,,5,2,2,3,1,5
2019-11-06 01:26:30,2019-11-06 01:31:55,0,195.34.150.3,100,324,1,2019-11-06 01:31:55,R_27BVmE9O5pxMdnw,,,,,48.1920013427734375,16.367095947265625,anonymous,EN,0,0,0,80,0,0,15,5,5,3,,,,,,,,,,,2,2,2,0,0.00,0.00,1,1,1,1,1,1,1,1,1,93,0,0,0,0,0,1,1,1,6,6,6,7,7,7,7,7,5,7,2,2,,,,,,1,1,,,,,1,2,2,3,1,6
2019-11-06 01:23:53,2019-11-06 01:33:26,0,195.34.150.3,100,573,1,2019-11-06 01:33:26,R_3iDx2RX0sKIggCS,,,,,48.231292724609375,16.3488006591796875,anonymous,EN,25,0,0,4,0,0,70,1,15,1,3,1,1,,,1,,,,1,3,4,2,5,0.50,0.50,1,1,1,1,1,6,6,5,5,40,1,1,31,1,1,1,2,5,6,6,6,6,2,3,5,6,5,2,2,2,1,,,,,,1,1,,,,2,1,1,4,1,6
2019-11-06 01:28:59,2019-11-06 01:34:15,0,195.34.150.3,100,315,1,2019-11-06 01:34:15,R_AurIIQOq9x9sgdH,,,,,48.1920013427734375,16.367095947265625,anonymous,EN,0,0,0,80,10,0,10,0,5,3,,,,,,,,,,,6,6,6,0,0.00,0.00,1,1,1,1,3,2,1,2,2,50,23,1,1,1,1,5,7,3,6,7,7,3,2,2,3,5,5,7,5,2,1,,,,,,1,,,,,3,2,1,3,1,6
2019-11-06 03:09:48,2019-11-06 03:15:55,0,82.218.161.170,100,367,1,2019-11-06 03:15:55,R_2bTTiXvxVicn2Hf,,,,,47.971893310546875,16.0735015869140625,anonymous,EN,85,0,0,5,0,0,10,0,8,1,1,1,1,,1,1,,,,,2,2,2,20,0.09,0.05,1,6,4,3,6,6,4,6,5,100,86,31,23,10,62,5,4,6,4,5,6,4,5,2,6,6,5,6,5,2,1,,,,,,,1,1,,,3,1,1,2,4,2
2019-11-06 02:13:38,2019-11-06 03:18:25,0,195.34.150.3,100,3886,1,2019-11-06 03:18:25,R_1Pblijet6PIQ6zH,,,,,48.1920013427734375,16.367095947265625,anonymous,EN,97,0,0,0,0,0,3,0,6,1,1,1,1,1,,1,1,,1,1,5,4,3,7,0.15,0.15,2,4,4,4,6,1,6,4,4,0,20,30,30,0,0,4,4,4,4,4,4,5,2,3,6,6,4,2,2,2,1,1,1,1,1,,,,,,1,3,3,1,4,1,4
2019-11-06 03:42:07,2019-11-06 03:51:23,0,213.225.9.20,100,555,1,2019-11-06 03:51:24,R_21p4rDiraT2BMHi,,,,,46.650604248046875,14.3538970947265625,anonymous,EN,90,0,0,5,0,0,5,0,1,1,1,1,1,1,1,1,1,1,,,2,3,2,21,0.50,0.50,1,2,2,3,3,2,2,2,2,7,26,69,37,94,100,3,5,3,6,6,6,5,5,4,5,4,4,3,4,2,1,1,,1,,,1,,,,,3,3,1,2,5,3
2019-11-06 02:19:05,2019-11-06 04:07:23,0,195.34.150.3,100,6498,1,2019-11-06 04:07:23,R_xF8K4Q6mgwp9Nuh,,,,,48.231292724609375,16.3488006591796875,anonymous,EN,84,0,0,2,0,1,8,5,5,1,1,1,1,1,,1,1,1,1,1,6,6,6,10,0.50,0.75,1,1,1,1,2,6,6,1,1,2,90,1,66,1,1,1,7,6,6,5,6,6,2,6,7,7,5,1,1,2,,,1,1,1,1,,1,,,,1,1,1,5,1,7
2019-11-06 04:06:06,2019-11-06 04:14:57,0,24.50.160.203,100,531,1,2019-11-06 04:14:58,R_1dhp9dFlnFxrdmp,,,,,43.6667022705078125,-79.380401611328125,anonymous,EN,10,0,0,80,0,0,10,0,6,1,3,1,1,,,,,,,1,6,6,7,3,0.10,0.10,1,6,7,3,4,5,4,2,2,0,80,79,82,4,5,4,7,4,6,6,6,5,1,2,2,7,6,1,1,1,,,,,,,1,,,,,2,1,2,3,5,3
2019-11-06 04:27:25,2019-11-06 04:39:05,0,213.142.96.27,100,700,1,2019-11-06 04:39:06,R_BVSzl817Wty5hnP,,,,,48.20770263671875,16.3704986572265625,anonymous,EN,80,0,0,10,0,0,5,5,7,1,1,1,1,1,1,,,,,1,1,1,3,1,0.20,0.30,1,6,6,5,7,2,6,4,3,57,2,4,19,43,81,2,2,3,5,5,4,6,5,5,6,5,4,3,3,2,1,,,1,,,,1,1,,,2,1,1,3,5,2
2019-11-06 01:52:06,2019-11-06 05:18:55,0,195.34.150.3,100,12408,1,2019-11-06 05:18:55,R_2PbQTNIvdTHimrn,,,,,48.231292724609375,16.3488006591796875,anonymous,EN,50,0,0,30,0,5,15,0,6,1,1,1,1,1,,,,1,,1,2,2,2,53,0.16,0.16,1,3,4,2,4,6,4,5,4,1,2,2,2,11,2,4,4,4,5,5,3,2,2,2,2,4,5,2,2,2,1,,,,,,1,,,,1,3,3,1,4,1,5
2019-11-06 01:08:08,2019-11-06 05:25:52,0,195.34.150.3,100,15464,1,2019-11-06 05:25:53,R_2YKSG4mBaTkxsWJ,,,,,48.231292724609375,16.3488006591796875,anonymous,EN,10,0,0,60,0,0,30,0,125,1,4,1,1,,,1,,,,1,3,3,2,0,0.06,0.08,1,5,4,3,6,5,5,6,6,66,11,1,1,1,1,4,6,5,6,6,6,6,2,6,6,5,5,2,1,2,1,,,,,,,,1,1,,4,3,1,3,1,7
2019-11-06 05:32:28,2019-11-06 05:37:36,0,89.144.196.104,100,308,1,2019-11-06 05:37:36,R_33D4942Zst8ynSg,,,,,48.1999969482421875,16.36669921875,anonymous,EN,10,0,2,75,0,0,10,3,15,1,2,,1,,,1,1,1,,1,4,5,5,100,0.35,0.45,1,5,5,6,4,2,6,1,2,100,68,84,66,78,68,3,2,2,6,4,4,3,1,5,2,2,4,4,4,1,,,,,,,1,1,,,,1,1,1,2,1,5
2019-11-06 02:42:33,2019-11-06 05:43:03,0,195.34.150.3,100,10829,1,2019-11-06 05:43:03,R_3PAmgKPSIY45xu4,,,,,48.231292724609375,16.3488006591796875,anonymous,EN,30,20,5,5,30,0,10,0,3,1,2,1,,1,,,,,,1,1,1,2,100,0.40,0.45,1,1,3,6,5,5,6,4,5,29,81,0,63,20,94,4,4,4,5,3,5,6,6,3,5,7,5,5,5,1,,,,,,,,1,,,,1,3,1,5,1,7
2019-11-06 06:11:26,2019-11-06 06:24:19,0,213.225.3.222,100,773,1,2019-11-06 06:24:20,R_1H63RgRPoWAkTS0,,,,,47.0832977294921875,15.5666961669921875,anonymous,EN,80,0,0,4,0,0,6,10,3,1,1,1,1,1,,1,1,1,1,1,4,3,2,40,0.13,0.17,1,4,4,3,6,2,6,7,3,0,0,31,28,0,77,1,1,1,5,4,4,4,1,5,5,5,4,3,4,2,1,1,,1,1,,,1,1,1,,2,1,1,3,1,7
2019-11-06 07:02:33,2019-11-06 07:13:00,0,195.34.150.3,100,627,1,2019-11-06 07:13:00,R_3dFA7w3ZvtrC4aH,,,,,48.231292724609375,16.3488006591796875,anonymous,EN,80,0,0,10,0,5,0,5,5,1,1,1,1,1,,1,1,,,1,4,4,4,10,0.4,0.35,1,6,6,6,5,2,7,2,2,7,14,1,3,1,1,2,5,6,6,5,5,6,2,2,5,6,5,2,2,2,,1,,1,1,,,1,1,,,2,1,1,3,1,6
2019-11-06 04:37:48,2019-11-06 07:24:46,0,77.119.128.198,100,10018,1,2019-11-06 07:24:46,R_2Y2NTkaR40fLR9V,,,,,48.15350341796875,16.385498046875,anonymous,EN,0,0,0,60,0,0,40,0,10,3,,,,,,,,,,,1,1,1,32,0.5,0.50,1,5,5,4,5,7,5,6,7,14,0,78,67,22,100,4,7,5,7,5,7,6,7,1,2,2,4,1,1,2,,,,,,1,1,,,,,4,2,2,2,5,2
2019-11-06 09:13:14,2019-11-06 09:17:50,0,137.208.186.50,100,276,1,2019-11-06 09:17:50,R_AFdxViXRJiW6QaR,,,,,48.2006072998046875,16.3672027587890625,anonymous,EN,0,0,0,85,0,0,15,0,105,3,,,,,,,,,,,5,5,4,2,0.60,0.60,1,1,1,1,1,2,2,2,2,6,29,5,25,4,1,1,1,1,2,1,5,7,7,5,5,6,4,2,4,2,1,,,,,,1,,,,,1,1,2,2,5,2
2019-11-06 09:12:35,2019-11-06 09:21:17,0,46.125.249.114,100,521,1,2019-11-06 09:21:17,R_Uu20ahCtFarVdEl,,,,,48.2993927001953125,16.347900390625,anonymous,EN,0,5,0,90,0,0,0,5,10,3,,,,,,,,,,,2,2,1,10,0.20,0.5,1,1,2,1,4,2,6,5,5,70,0,18,2,0,0,5,6,5,5,3,4,5,2,5,5,4,6,6,5,2,1,,,,,,1,,,,,1,2,2,2,4,1
2019-11-06 09:15:31,2019-11-06 09:21:18,0,137.208.173.94,100,346,1,2019-11-06 09:21:19,R_1obzAk4RvmZhMOz,,,,,48.2006072998046875,16.3672027587890625,anonymous,EN,0,0,0,100,0,0,0,0,4,3,,,,,,,,,,,5,4,3,10,1,1.5,2,4,5,2,5,6,2,6,5,16,16,6,3,6,0,5,3,3,5,5,4,6,3,7,4,6,4,6,4,2,1,,,,,,1,,,1,,4,3,1,2,4,1
2019-11-06 12:47:51,2019-11-06 12:57:36,0,207.228.78.193,100,585,1,2019-11-06 12:57:36,R_1l03oZn7FBA5Ds2,,,,,53.4178924560546875,-113.57849884033203125,anonymous,EN,55,0,30,0,0,0,10,5,50,1,1,1,1,1,,1,1,1,,1,1,1,1,0,0.00,0.00,1,4,4,4,4,3,2,5,1,16,3,4,0,8,0,2,5,2,2,4,2,6,6,7,5,5,1,7,7,2,,,,1,,,,,,,1,1,1,2,3,1,3
2019-11-06 13:45:58,2019-11-06 13:51:47,0,62.250.107.212,100,348,1,2019-11-06 13:51:47,R_3iLqPAkHqwsuwrn,,,,,51.9156036376953125,4.5146026611328125,anonymous,EN,0,0,0,10,80,0,10,0,2,3,,,,,,,,,,,1,1,1,28,0.20,0.20,1,3,3,3,3,3,5,3,3,21,11,11,11,13,11,5,4,5,6,5,5,4,4,3,3,3,5,1,1,2,1,,,,,,1,,,,,2,2,2,2,4,2
2019-11-06 14:01:21,2019-11-06 14:11:52,0,46.211.245.57,100,631,1,2019-11-06 14:11:53,R_10pk1wmPDidIMvC,,,,,50.4499969482421875,30.5233001708984375,anonymous,EN,0,0,0,40,0,0,30,30,10,3,,,,,,,,,,,3,2,1,73,0.15,0.30,1,4,4,3,5,5,6,6,6,80,66,99,43,74,84,4,4,5,5,5,5,6,5,6,5,6,6,4,6,2,,1,,,,,1,,,,,4,1,1,2,5,2
2019-11-06 14:27:48,2019-11-06 14:33:44,0,82.38.29.109,100,355,1,2019-11-06 14:33:44,R_30o8UBM9Z0hBY6u,,,,,51.387298583984375,-0.15960693359375,anonymous,EN,90,0,0,5,0,0,5,0,6,1,1,1,1,1,1,,,,,1,3,3,3,50,0.20,0.30,2,4,4,4,4,6,5,5,5,62,9,9,8,9,7,4,5,5,5,5,5,5,5,3,5,5,4,2,2,2,1,,1,,,,1,,,,,1,3,2,2,4,1
2019-11-06 15:26:58,2019-11-06 15:37:57,0,5.144.219.198,100,659,1,2019-11-06 15:37:58,R_1E6z0kFJOLHK9m8,,,,,37.9842071533203125,23.7353057861328125,anonymous,EN,55,20,10,5,5,0,3,2,1,1,2,1,,,,1,,1,,1,2,4,2,10,4.00,7.00,1,4,6,4,4,5,5,3,5,38,23,35,13,38,7,5,4,5,5,4,5,4,5,5,5,6,2,1,2,2,,1,,,,,,,,1,,4,1,1,2,1,1
2019-11-06 15:43:33,2019-11-06 15:47:59,0,67.184.34.159,100,265,1,2019-11-06 15:48:00,R_2SAHB2MBO0iRFem,,,,,41.7057037353515625,-88.19460296630859375,anonymous,EN,98,0,0,0,0,0,1,1,10,1,1,1,1,1,1,1,1,1,,1,5,5,1,11,1,1,2,4,4,2,4,4,4,4,4,36,6,16,26,8,94,4,4,4,4,6,6,5,5,2,5,5,4,2,2,2,,,1,,,,,1,,,,3,3,2,4,1,7
2019-11-06 15:43:06,2019-11-06 15:55:32,0,50.77.176.43,100,745,1,2019-11-06 15:55:32,R_3kiHqfNopuwDCKu,,,,,41.9720001220703125,-87.7595977783203125,anonymous,EN,65,0,0,5,0,0,20,10,0,1,1,1,1,1,,,1,1,,,3,3,3,11,0.30,0.4,1,4,4,2,4,4,4,4,4,9,6,4,7,2,6,4,4,4,3,3,3,5,5,6,6,5,1,4,5,2,,1,,1,,,,,,,1,1,3,2,3,1,6
2019-11-06 15:50:09,2019-11-06 16:01:53,0,89.144.198.221,100,703,1,2019-11-06 16:01:53,R_33e7mavMkmafEDA,,,,,48.1999969482421875,16.36669921875,anonymous,EN,10,0,1,18,10,0,60,1,0,2,4,1,,,,1,,,,1,2,2,2,50,0.31,0.31,1,2,2,3,4,2,6,5,6,0,0,0,0,0,0,4,2,4,6,3,6,3,2,2,2,2,4,6,6,1,,,,,,,1,1,,,,3,1,2,2,5,3
2019-11-04 11:29:47,2019-11-06 16:04:26,0,137.208.131.108,100,189278,1,2019-11-06 16:04:26,R_SQ99kSo7Gi1e8g1,,,,,48.1920013427734375,16.367095947265625,anonymous,EN,100,0,0,0,0,0,0,0,10,1,1,,,1,,,,1,,,5,5,5,10,0.20,0.30,1,1,1,1,1,1,1,1,1,49,61,22,31,20,15,2,2,1,5,6,7,6,2,6,7,6,4,2,2,2,1,,,1,,,,1,,,1,1,3,1,5,1,4
2019-11-06 16:14:53,2019-11-06 16:21:37,0,61.68.152.129,100,404,1,2019-11-06 16:21:38,R_2zHd5LstPIQz5Pe,,,,,-34.9114990234375,138.64471435546875,anonymous,EN,40,0,20,10,20,0,10,0,5,1,1,1,1,1,1,,1,,,1,6,6,6,8,2.00,5.00,1,2,5,2,2,6,6,6,6,1,38,7,5,12,34,6,6,5,5,5,5,5,5,5,5,5,5,1,1,2,1,,,,,,1,1,,,,1,2,2,3,5,1
2019-11-06 16:20:04,2019-11-06 16:28:48,0,131.188.22.146,100,523,1,2019-11-06 16:28:48,R_3Hun8adzmaURzgC,,,,,49.5988006591796875,11.008697509765625,anonymous,EN,0,0,0,50,0,0,40,10,10,3,,,,,,,,,,,2,2,4,0,0.05,0.08,2,4,5,5,5,6,6,6,6,100,100,100,100,100,100,2,2,4,5,4,4,5,5,5,5,5,3,4,4,2,1,,,,,,,,1,,,1,3,2,2,4,2
2019-11-07 00:57:27,2019-11-07 01:05:07,0,195.34.150.3,100,459,1,2019-11-07 01:05:07,R_3shQ6hXt0RwjSmp,,,,,48.231292724609375,16.3488006591796875,anonymous,EN,0,0,0,60,0,0,40,0,0,2,6,1,,,,1,,,,1,5,4,2,1,0.10,0.15,1,2,2,2,4,5,1,4,5,0,0,0,0,0,0,4,5,4,6,5,6,4,7,4,6,6,4,1,2,2,1,,,,,1,1,1,,,,2,1,2,4,1,4
2019-11-07 05:34:14,2019-11-07 06:06:29,0,137.208.169.184,100,1934,1,2019-11-07 06:06:29,R_3gSFMSzeEi70PyQ,,,,,48.2006072998046875,16.3672027587890625,anonymous,EN,0,10,0,80,0,0,5,5,5,3,,,,,,,,,,,3,3,3,20,0.35,0.38,1,1,1,1,1,5,2,4,2,17,17,69,18,2,69,1,1,1,6,5,6,5,5,3,2,4,4,7,6,1,,,,,,,1,,,,,1,3,1,3,4,3
2019-11-07 06:24:32,2019-11-07 06:30:02,0,115.164.213.148,100,329,1,2019-11-07 06:30:03,R_2fCMErOGL4dRDoB,,,,,3.10650634765625,101.60791015625,anonymous,EN,70,0,10,10,5,0,3,2,2,2,5,1,,,,,,,,,4,2,4,49,10,20,1,4,3,2,4,4,5,4,3,75,53,36,91,29,46,6,6,6,5,3,4,6,4,3,5,3,4,5,6,2,,,,,,1,,1,,1,,3,3,1,2,4,1
2019-11-07 10:29:21,2019-11-07 10:46:10,0,74.89.150.65,100,1008,1,2019-11-07 10:46:10,R_11drpt7z1hiLYQF,,,,,41.270904541015625,-73.6840972900390625,anonymous,EN,0,10,0,70,0,0,15,5,5,3,,,,,,,,,,,3,3,3,15,0.15,0.20,1,4,4,4,4,4,4,4,4,60,0,0,30,51,0,2,2,2,5,4,4,5,3,3,5,4,4,2,3,2,1,,,,,,1,,,,,2,1,1,3,4,1
2019-11-07 11:19:10,2019-11-07 11:25:36,0,62.178.112.22,100,386,1,2019-11-07 11:25:37,R_SSEeeH9eIOTGpWh,,,,,48.2993927001953125,16.347900390625,anonymous,EN,65,0,0,30,0,0,0,5,7,1,1,1,1,,1,,,,,1,3,3,3,51,0.50,0.70,1,3,3,3,5,5,5,3,5,72,47,37,59,38,36,3,6,6,5,4,6,6,2,3,6,7,5,3,2,2,,,,1,1,,,,1,,,3,3,1,2,4,1
2019-11-08 01:29:51,2019-11-08 01:38:11,0,195.34.150.3,100,500,1,2019-11-08 01:38:12,R_1MKFoOcIqQSxS3E,,,,,48.231292724609375,16.3488006591796875,anonymous,EN,25,0,0,25,30,0,20,0,6,2,2,1,1,,,,1,,,1,3,3,2,10,0.20,0.3,1,1,3,4,6,1,1,3,5,10,10,10,10,10,10,3,2,3,6,5,6,5,6,4,3,4,4,2,3,2,1,,,,,,,,,1,,3,1,2,5,1,4
2019-11-08 01:34:54,2019-11-08 01:53:16,0,195.34.150.3,100,1101,1,2019-11-08 01:53:16,R_qWKqBG1Re5tjJJL,,,,,48.1920013427734375,16.367095947265625,anonymous,EN,10,0,0,55,15,0,15,5,5,2,4,1,1,,,1,,,,1,3,3,3,20,0.25,0.30,2,4,5,4,5,5,4,5,5,51,20,15,1,1,1,2,4,5,5,5,5,4,5,3,5,5,5,2,2,2,1,,,,,,1,1,,,,3,1,1,3,1,5
2019-11-01 04:37:52,2019-11-01 04:43:33,0,80.108.42.129,47,340,0,2019-11-08 03:43:33,R_DO7EM0ho1CONuZb,,,,,,,anonymous,EN,0,5,0,70,0,0,20,5,20,1,6,,,,,,,,,1,3,3,3,7,0.00,5.00,1,4,4,4,4,4,4,4,4,,,,,,,,,,,,,,,,,,,,,,,,,,,,,,,,,,,,,,
2019-11-01 07:10:17,2019-11-01 07:10:28,0,213.142.96.35,3,11,0,2019-11-08 06:10:52,R_242FdNrmdF9ebag,,,,,,,anonymous,EN,,,,,,,,,,,,,,,,,,,,,,,,,,,,,,,,,,,,,,,,,,,,,,,,,,,,,,,,,,,,,,,,,,,,,,,,,
2019-11-01 04:35:39,2019-11-01 07:11:30,0,212.95.5.90,40,9350,0,2019-11-08 06:11:30,R_WCH2l6GQz5ZmKGZ,,,,,,,anonymous,EN,100,0,0,0,0,0,0,0,2,1,1,1,,,,,,,,,7,6,6,45,2.3,2.2,1,,,,,,,,,,,,,,,,,,,,,,,,,,,,,,,,,,,,,,,,,,,,,,
2019-11-01 07:48:25,2019-11-01 07:48:51,0,5.173.56.24,3,26,0,2019-11-08 06:48:54,R_vcwAjOKT9r2GFiN,,,,,,,anonymous,EN,,,,,,,,,,,,,,,,,,,,,,,,,,,,,,,,,,,,,,,,,,,,,,,,,,,,,,,,,,,,,,,,,,,,,,,,,
2019-11-01 09:23:21,2019-11-01 09:24:02,0,213.240.99.248,3,40,0,2019-11-08 08:24:44,R_3j3DwU8GoIqQp5x,,,,,,,anonymous,EN,,,,,,,,,,,,,,,,,,,,,,,,,,,,,,,,,,,,,,,,,,,,,,,,,,,,,,,,,,,,,,,,,,,,,,,,,
2019-11-01 09:37:34,2019-11-01 09:46:59,0,212.95.5.255,97,564,0,2019-11-08 08:47:08,R_8cbmOUVP759Ugb7,,,,,,,anonymous,EN,98,0,0,0,0,0,2,0,2,1,1,1,1,1,,1,1,1,1,1,5,4,3,0,0.20,0.30,1,4,4,4,4,3,5,1,4,58,71,51,71,4,65,4,4,4,6,5,6,5,3,4,7,5,4,2,2,2,1,1,,,,,,,,1,,1,2,1,2,1,4
2019-11-03 03:26:18,2019-11-03 03:28:10,0,178.165.128.239,3,112,0,2019-11-10 03:28:41,R_3fDXCqBB132xnc3,,,,,,,anonymous,EN,,,,,,,,,,,,,,,,,,,,,,,,,,,,,,,,,,,,,,,,,,,,,,,,,,,,,,,,,,,,,,,,,,,,,,,,,
2019-11-03 04:35:14,2019-11-03 04:38:22,0,91.181.122.98,33,187,0,2019-11-10 04:38:58,R_2S0wlECDH0nI0lD,,,,,,,anonymous,EN,10,0,0,10,0,0,80,0,4,2,5,,,,,1,,,,,2,2,1,40,1.00,,,,,,,,,,,,,,,,,,,,,,,,,,,,,,,,,,,,,,,,,,,,,,,,
2019-11-01 07:30:15,2019-11-06 14:04:40,0,213.47.171.196,30,459264,0,2019-11-10 08:29:51,R_puPFtZC9VDtPPqN,,,,,,,anonymous,EN,0,0,0,0,0,0,100,0,1,3,,,,,,,,,,,7,7,7,59,,,,,,,,,,,,,,,,,,,,,,,,,,,,,,,,,,,,,,,,,,,,,,,,,
2019-11-03 10:45:49,2019-11-03 10:52:58,0,91.141.0.235,40,429,0,2019-11-10 08:29:51,R_3J58DnSGuv53EJU,,,,,,,anonymous,EN,50,0,0,10,10,0,30,0,10,2,2,1,1,,,,1,1,,1,5,3,4,30,0.10,0.20,1,,,,,,,,,,,,,,,,,,,,,,,,,,,,,,,,,,,,,,,,,,,,,,
2019-11-07 11:00:40,2019-11-07 11:05:04,0,136.36.11.225,40,263,0,2019-11-10 08:29:51,R_1QmQWo1Uyr0CQZ7,,,,,,,anonymous,EN,0,15,0,10,0,0,75,0,5,3,,,,,,,,,,,3,3,2,60,0.50,0.75,2,,,,,,,,,,,,,,,,,,,,,,,,,,,,,,,,,,,,,,,,,,,,,,
2019-11-04 08:37:42,2019-11-04 08:37:50,0,88.117.32.48,3,7,0,2019-11-10 08:29:51,R_22s0fU4mXNqt8pN,,,,,,,anonymous,EN,,,,,,,,,,,,,,,,,,,,,,,,,,,,,,,,,,,,,,,,,,,,,,,,,,,,,,,,,,,,,,,,,,,,,,,,,
2019-11-03 11:13:27,2019-11-03 11:17:51,0,80.110.122.220,47,263,0,2019-11-10 08:29:51,R_308iAwf8peakqZh,,,,,,,anonymous,EN,0,30,40,30,0,0,0,0,10,3,,,,,,,,,,,1,1,1,100,0.30,0.30,1,3,4,3,7,6,6,6,7,,,,,,,,,,,,,,,,,,,,,,,,,,,,,,,,,,,,,,
2019-11-04 00:51:37,2019-11-04 00:51:43,0,91.141.0.18,3,5,0,2019-11-10 08:29:51,R_271n83jyMiSyZ2d,,,,,,,anonymous,EN,,,,,,,,,,,,,,,,,,,,,,,,,,,,,,,,,,,,,,,,,,,,,,,,,,,,,,,,,,,,,,,,,,,,,,,,,
2019-11-04 00:49:59,2019-11-04 00:57:34,0,212.95.5.119,53,455,0,2019-11-10 08:29:51,R_2XiD0KHz5fjM26L,,,,,,,anonymous,EN,15,0,0,40,0,40,5,0,10,1,3,1,,,,1,,,,,5,4,2,20,0.75,1.00,1,1,2,2,6,5,6,6,6,100,100,100,100,100,100,3,1,1,,,,,,,,,,,,,,,,,,,,,,,,,,,,,
2019-11-05 13:09:21,2019-11-05 13:17:11,0,81.217.71.184,97,469,0,2019-11-10 08:29:51,R_81jEVH7cUaSZVGp,,,,,,,anonymous,EN,20,0,0,40,10,0,30,0,9,1,2,1,1,,,1,,,1,,2,3,3,30,0.00,0.10,1,1,2,5,2,3,1,6,3,49,40,30,9,1,80,4,4,4,7,7,6,7,5,2,5,7,5,5,2,2,1,1,,,,,1,1,,,,2,3,2,3,1,6
2019-11-05 13:03:46,2019-11-05 13:39:18,0,84.112.237.171,40,2132,0,2019-11-10 08:29:51,R_1Fxj20HnDgngCGK,,,,,,,anonymous,EN,10,0,0,35,40,0,10,5,0,1,4,1,,,,,,1,,1,6,6,6,0,0.5,0.5,1,,,,,,,,,,,,,,,,,,,,,,,,,,,,,,,,,,,,,,,,,,,,,,
2019-11-05 23:55:23,2019-11-05 23:56:01,0,80.108.204.46,3,38,0,2019-11-10 08:29:52,R_uyyuAHTB507QPVT,,,,,,,anonymous,EN,,,,,,,,,,,,,,,,,,,,,,,,,,,,,,,,,,,,,,,,,,,,,,,,,,,,,,,,,,,,,,,,,,,,,,,,,
2019-11-06 01:08:42,2019-11-06 01:16:22,0,178.165.128.136,40,460,0,2019-11-10 08:29:52,R_3CPBuBd6r7fr7KZ,,,,,,,anonymous,EN,10,0,0,40,0,0,50,0,10,1,2,,,,,,1,,,,2,2,2,5,0.05,0.05,1,,,,,,,,,,,,,,,,,,,,,,,,,,,,,,,,,,,,,,,,,,,,,,
2019-11-06 02:37:44,2019-11-06 02:37:54,0,37.164.56.128,3,9,0,2019-11-10 08:29:52,R_3F39jKX5pd2DsBv,,,,,,,anonymous,EN,,,,,,,,,,,,,,,,,,,,,,,,,,,,,,,,,,,,,,,,,,,,,,,,,,,,,,,,,,,,,,,,,,,,,,,,,
2019-11-06 12:04:06,2019-11-06 12:04:58,0,46.125.249.75,40,51,0,2019-11-10 08:29:52,R_3JrbIOfDt1PkJZK,,,,,,,anonymous,EN,0,0,0,0,0,0,100,0,4,1,5,1,1,1,1,1,1,,1,,2,2,2,58,0.44,0.66,1,,,,,,,,,,,,,,,,,,,,,,,,,,,,,,,,,,,,,,,,,,,,,,
2019-11-06 08:36:45,2019-11-06 08:43:16,0,195.34.150.3,57,391,0,2019-11-10 08:29:52,R_ANFSxRmtJLsCwyR,,,,,,,anonymous,EN,10,0,0,60,30,0,0,0,7,2,2,,,,,,1,,,,3,2,1,27,0.50,0.50,1,4,5,4,4,4,2,2,6,2,2,2,2,2,2,4,5,4,6,5,5,,,,,,,,,,,,,,,,,,,,,,,,,,
2019-11-07 11:05:52,2019-11-07 11:07:44,0,91.113.63.106,3,111,0,2019-11-10 08:29:52,R_3lXkdYL0isfGPe0,,,,,,,anonymous,EN,,,,,,,,,,,,,,,,,,,,,,,,,,,,,,,,,,,,,,,,,,,,,,,,,,,,,,,,,,,,,,,,,,,,,,,,,
2019-11-06 00:03:51,2019-11-06 00:04:13,0,195.34.150.3,3,22,0,2019-11-10 08:29:52,R_3KxVsIIBdp2c6a4,,,,,,,anonymous,EN,,,,,,,,,,,,,,,,,,,,,,,,,,,,,,,,,,,,,,,,,,,,,,,,,,,,,,,,,,,,,,,,,,,,,,,,,
2019-11-07 11:25:03,2019-11-07 11:26:01,0,62.46.100.124,3,57,0,2019-11-10 08:29:53,R_8jKzaAWj2xdChQ5,,,,,,,anonymous,EN,,,,,,,,,,,,,,,,,,,,,,,,,,,,,,,,,,,,,,,,,,,,,,,,,,,,,,,,,,,,,,,,,,,,,,,,,
2019-11-06 03:10:08,2019-11-06 03:17:10,0,195.34.150.3,97,421,0,2019-11-10 08:29:52,R_3p6amr5vkE25pOh,,,,,,,anonymous,EN,10,0,0,80,0,0,0,10,5,1,4,,1,,,,,,1,,6,6,3,0,0.20,0.20,1,5,5,5,2,3,2,1,2,9,0,9,9,0,9,5,5,5,5,6,7,7,7,6,6,5,4,7,7,2,1,,,,,,1,,,,,1,1,2,3,1,5
2019-11-06 23:15:57,2019-11-06 23:15:59,0,111.65.69.157,3,2,0,2019-11-10 08:29:53,R_3qx77ZXFpnOF9Eq,,,,,,,anonymous,EN,,,,,,,,,,,,,,,,,,,,,,,,,,,,,,,,,,,,,,,,,,,,,,,,,,,,,,,,,,,,,,,,,,,,,,,,,
2019-11-07 22:24:41,2019-11-07 22:25:54,0,115.164.208.107,23,72,0,2019-11-10 08:29:53,R_2OU6ZojnTWMLwgW,,,,,,,anonymous,EN,80,0,0,20,0,0,0,0,6,1,1,,,1,,,,,,,,,,,,,,,,,,,,,,,,,,,,,,,,,,,,,,,,,,,,,,,,,,,,,,,,,,,
2019-11-06 17:00:07,2019-11-06 17:06:25,0,103.255.5.91,63,378,0,2019-11-10 08:29:53,R_1jr08YHqzO9uywl,,,,,,,anonymous,EN,0,0,0,10,10,0,0,80,1,3,,,,,,,,,,,1,1,1,100,0.00,0.00,1,2,3,3,3,6,5,6,6,51,70,1,1,0,1,5,6,6,5,5,5,6,6,5,6,5,4,,,,,,,,,,,,,,,,,,,,
2019-11-07 00:23:41,2019-11-07 00:25:51,0,42.109.134.31,23,130,0,2019-11-10 08:29:53,R_2zUuITd5fVTVSKR,,,,,,,anonymous,EN,10,10,10,20,10,20,10,10,10,3,,,,,,,,,,,,,,,,,,,,,,,,,,,,,,,,,,,,,,,,,,,,,,,,,,,,,,,,,,,,,,,
2019-11-03 10:35:27,2019-11-03 10:35:30,0,80.109.16.2,3,3,0,2019-11-10 08:30:21,R_3Glcf64TxnnuxEi,,,,,,,anonymous,EN,,,,,,,,,,,,,,,,,,,,,,,,,,,,,,,,,,,,,,,,,,,,,,,,,,,,,,,,,,,,,,,,,,,,,,,,,
2019-11-03 11:53:11,2019-11-03 11:58:04,0,188.23.211.214,3,292,0,2019-11-10 08:30:22,R_SC6nLVgaGnpleeZ,,,,,,,anonymous,EN,,,,,,,,,,,,,,,,,,,,,,,,,,,,,,,,,,,,,,,,,,,,,,,,,,,,,,,,,,,,,,,,,,,,,,,,,
2019-11-04 08:18:58,2019-11-04 08:19:01,0,213.47.171.210,3,3,0,2019-11-10 08:30:22,R_3e3nCouwrZNENoX,,,,,,,anonymous,EN,,,,,,,,,,,,,,,,,,,,,,,,,,,,,,,,,,,,,,,,,,,,,,,,,,,,,,,,,,,,,,,,,,,,,,,,,
2019-11-06 01:08:18,2019-11-06 01:08:39,8,195.34.150.3,3,20,0,2019-11-10 08:30:22,R_1in62BJgqnXEbNg,,,,,,,anonymous,EN,,,,,,,,,,,,,,,,,,,,,,,,,,,,,,,,,,,,,,,,,,,,,,,,,,,,,,,,,,,,,,,,,,,,,,,,,
2019-11-06 01:09:13,2019-11-06 01:12:00,0,195.34.150.3,40,166,0,2019-11-10 08:30:22,R_3lrbyW7tLpEUJt4,,,,,,,anonymous,EN,30,0,0,30,0,0,20,20,8,1,3,1,,,,1,,,,,3,3,5,21,0.15,0.15,2,,,,,,,,,,,,,,,,,,,,,,,,,,,,,,,,,,,,,,,,,,,,,,
2019-11-05 05:07:17,2019-11-05 05:17:37,0,137.208.59.187,40,620,0,2019-11-10 08:30:22,R_SNLtg7GXQCQDYM9,,,,,,,anonymous,EN,15,0,0,80,0,0,5,0,3,2,2,1,1,,,1,,1,,1,5,3,2,2,0.30,0.70,1,,,,,,,,,,,,,,,,,,,,,,,,,,,,,,,,,,,,,,,,,,,,,,
2019-11-04 13:36:03,2019-11-04 13:37:02,0,80.110.125.99,13,59,0,2019-11-10 08:30:22,R_bdWvbd5YVgxoIJX,,,,,,,anonymous,EN,0,0,0,70,0,0,30,0,10,1,,,,,,,,,,,,,,,,,,,,,,,,,,,,,,,,,,,,,,,,,,,,,,,,,,,,,,,,,,,,,,,
2019-11-05 05:07:08,2019-11-05 05:17:07,0,178.165.131.163,53,599,0,2019-11-10 08:30:22,R_6YyXe06yda4NppT,,,,,,,anonymous,EN,0,20,0,45,5,0,30,0,14,2,5,1,1,,,1,,,,1,2,2,2,16,0.10,0.20,1,1,5,1,5,2,1,4,4,59,3,4,11,14,11,3,6,4,,,,,,,,,,,,,,,,,,,,,,,,,,,,,
2019-11-06 11:29:11,2019-11-06 14:37:03,0,88.117.67.91,20,11272,0,2019-11-10 08:30:23,R_rj1nbpSCyQpDE5P,,,,,,,anonymous,EN,0,0,0,100,0,0,0,0,5,3,,,,,,,,,,,,,,,,,,,,,,,,,,,,,,,,,,,,,,,,,,,,,,,,,,,,,,,,,,,,,,,
2019-11-06 17:13:48,2019-11-06 17:18:57,0,109.246.20.82,53,308,0,2019-11-10 08:30:23,R_2rHkvYSU6y5KvoG,,,,,,,anonymous,EN,0,0,0,80,0,0,20,0,20,3,,,,,,,,,,,3,5,3,0,2,4,2,4,5,4,5,4,4,5,5,1,3,5,4,4,3,5,5,4,,,,,,,,,,,,,,,,,,,,,,,,,,,,,
2019-11-08 01:45:15,2019-11-08 01:45:22,8,195.34.150.3,3,6,0,2019-11-10 08:30:23,R_1TRkFWLabbwGG6R,,,,,,,anonymous,EN,,,,,,,,,,,,,,,,,,,,,,,,,,,,,,,,,,,,,,,,,,,,,,,,,,,,,,,,,,,,,,,,,,,,,,,,,
2019-11-08 01:53:44,2019-11-08 02:33:16,0,195.34.150.3,83,2372,0,2019-11-10 08:30:23,R_xxcfbrf9O9EG5Ox,,,,,,,anonymous,EN,90,0,0,0,0,0,5,5,5,1,1,1,1,1,,1,,,,,2,2,1,30,0.40,0.50,2,3,3,2,6,2,7,4,5,9,21,20,40,7,82,3,3,3,6,5,6,5,5,3,5,5,4,5,2,2,1,1,,1,1,,,1,,,,3,1,,,,
2019-11-08 03:22:14,2019-11-08 03:25:02,8,195.34.150.3,3,167,0,2019-11-10 08:30:23,R_3ERc2LXkgRRqcIw,,,,,,,anonymous,EN,,,,,,,,,,,,,,,,,,,,,,,,,,,,,,,,,,,,,,,,,,,,,,,,,,,,,,,,,,,,,,,,,,,,,,,,,
2019-11-08 01:29:53,2019-11-08 01:31:42,0,195.34.150.3,40,108,0,2019-11-10 08:30:23,R_21oZ7VbcY2hPcBU,,,,,,,anonymous,EN,15,0,0,5,50,0,30,0,10,1,3,,,,,,,,,1,6,6,6,11,1,150,2,,,,,,,,,,,,,,,,,,,,,,,,,,,,,,,,,,,,,,,,,,,,,,
