StartDate,EndDate,Status,IPAddress,Progress,Duration (in seconds),Finished,RecordedDate,ResponseId,RecipientLastName,RecipientFirstName,RecipientEmail,ExternalReference,LocationLatitude,LocationLongitude,DistributionChannel,UserLanguage,Q8,Q34_1,Q34_2,Q34_3,Q34_4,Q34_5,Q34_5_TEXT,Q33_1,Q33_2,Q33_3,Q33_4,Q33_5,Q33_6,Q33_7,Q37,Q33,Q43,Q45,Q47,Q49,Q1_1,Q1_2,Q1_3,Q1_4,Q1_5,Q3,Q30_1,Q4_1,Q4_2,Q4_3,Q4_4,Q5_1,Q5_2,Q5_3,Q5_4,Q5_5,Q10_1,Q10_2,Q10_3,Q10_4,Q40,Q41_1,Q41_2,Q41_3,Q41_4,Q41_5,Q41_5_TEXT,Q42_1,Q34_1,Q13,Q11,Q29_1,Q29_2,Q29_3,Q29_4,Q41,Q39,Q37,Q50,Q24,Q29,Q25,Q30,Q28_1,Q28_2,Q28_3,Q28_3_TEXT,Q31,Q44
Start Date,End Date,Response Type,IP Address,Progress,Duration (in seconds),Finished,Recorded Date,Response ID,Recipient Last Name,Recipient First Name,Recipient Email,External Data Reference,Location Latitude,Location Longitude,Distribution Channel,User Language,How many times in a week do you do the grocery shopping for your household?,"Where do you usually shop for groceries?


Please allocate 100 points among the different options according to the frequency you shop there. - Discounter","Where do you usually shop for groceries?


Please allocate 100 points among the different options according to the frequency you shop there. - Supermarket","Where do you usually shop for groceries?


Please allocate 100 points among the different options according to the frequency you shop there. - Farmers market","Where do you usually shop for groceries?


Please allocate 100 points among the different options according to the frequency you shop there. - Directly from the farmer","Where do you usually shop for groceries?


Please allocate 100 points among the different options according to the frequency you shop there. - Other:","Where do you usually shop for groceries?


Please allocate 100 points among the different options according to the frequency you shop there. - Other: - Text","Please indicate below, how much you agree or disagree with the statements. - When I shop for groceries I think about the environmental impact of my purchase.","Please indicate below, how much you agree or disagree with the statements. - I buy only what I need when grocery shopping.","Please indicate below, how much you agree or disagree with the statements. - I avoid buying products with a lot of packaging.","Please indicate below, how much you agree or disagree with the statements. - I consider the environmental impact of the packaging of the products I buy.","Please indicate below, how much you agree or disagree with the statements. - I buy fruits and vegetables that are in season.","Please indicate below, how much you agree or disagree with the statements. - I buy locally produced groceries.","Please indicate below, how much you agree or disagree with the statements. - I bring my own bag to the stores for grocery shopping.",How much would you pay for a kg (kilogram) of these apples?Please state your willingness to pay in the field below (xx.xx).,How much would you pay for a kg (kilogram) of these apples?Please state your willingness to pay in the field below (xx.xx).,How much would you pay for a package (500 g) of this rice?Please state your willingness to pay in the field below (xx.xx).,How much would you pay for a package (500 g) of this rice?Please state your willingness to pay in the field below (xx.xx).,How much would you pay for a package (300 g) of this steak?Please state your willingness to pay in the field below (xx.xx).,How much would you pay for a package (300 g) of this steak?Please state your willingness to pay in the field below (xx.xx).,"Please indicate below, how much you agree or disagree with the statements. - The environment matters to me.","Please indicate below, how much you agree or disagree with the statements. - In my daily life I try to be conscious about the environment.","Please indicate below, how much you agree or disagree with the statements. - I am the kind of person who makes efforts to conserve natural resources.","Please indicate below, how much you agree or disagree with the statements. - I don’t feel responsible for the effects of my actions on the environment.","Please indicate below, how much you agree or disagree with the statements. - I think I need to change my behavior towards the environment.","Green Consumption


Green Consumption can be understood as a purchasing and consumption behavior that has the desirable goal to minimize environmental consequences (Kim et al., 2012). The term ""green"" can also be viewed as ""oriented toward sustainable development"" (Peattie, 2010, p.197). A major aspect of green consumption is green food consumption.","What percentage of the groceries you purchase would you consider green?

Please move the slider to indicate the percentage.",Please move the slider to indicate how much you agree or disagree with the statements below. - Green food consumption is important to me.,Please move the slider to indicate how much you agree or disagree with the statements below. - I think my food consumption has an impact on the environment.,Please move the slider to indicate how much you agree or disagree with the statements below. - I care about the origin of the products that I buy.,Please move the slider to indicate how much you agree or disagree with the statements below. - I think that green groceries are expensive in comparison to other products.,How important are these factors in your purchasing decision? Please allocate 100 points among the factors so that your allocation reflects the relative importance you attach to each factor. - taste,"How important are these factors in your purchasing decision? Please allocate 100 points among the factors so that your allocation reflects the relative importance you attach to each factor. - greenness (locally sourced, biodegradable, organic)",How important are these factors in your purchasing decision? Please allocate 100 points among the factors so that your allocation reflects the relative importance you attach to each factor. - price,How important are these factors in your purchasing decision? Please allocate 100 points among the factors so that your allocation reflects the relative importance you attach to each factor. - packaging,How important are these factors in your purchasing decision? Please allocate 100 points among the factors so that your allocation reflects the relative importance you attach to each factor. - social environment (yours peers buy it),"Please indicate below, how much you agree or disagree with the statements. - There is always a green alternative.","Please indicate below, how much you agree or disagree with the statements. - I can find green products in every supermarket.","Please indicate below, how much you agree or disagree with the statements. - I can easily find the green products within the store.","Please indicate below, how much you agree or disagree with the statements. - I have to invest a lot of time to find green products.",How often do you follow the news in a week?,Where do you get your news from?Please allocate 100 points among the options. - TV,Where do you get your news from?Please allocate 100 points among the options. - Printed Newspapers,Where do you get your news from?Please allocate 100 points among the options. - Online Newspapers,Where do you get your news from?Please allocate 100 points among the options. - Social Media,Where do you get your news from?Please allocate 100 points among the options. - Other:,Where do you get your news from?Please allocate 100 points among the options. - Other: - Text,"Please indicate below, how much you agree or disagree with the statement. - I think that the news influence my consumption behaviour.",How closely do you follow the climate debate on the news?Please move the slider to indicate how closely you follow the debate.,"How important is green food consumption for your peers (family, friends and colleagues)?Please move the slider to indicate the importance.","Do you feel influenced to buy green food products?
Please move the slider to indicate the extent to which you feel influenced.","Do you feel influenced to buy green products, by ... ? Please indicate how much. - Government","Do you feel influenced to buy green products, by ... ? Please indicate how much. - News","Do you feel influenced to buy green products, by ... ? Please indicate how much. - Peers (family, friends and colleagues","Do you feel influenced to buy green products, by ... ? Please indicate how much. - Advertisements",How much has your behavior changed in the last the 12 months?,Do you think that the climate debate has had an impact on your behavior?Please indicate how much.,How much do you think your behavior will change within the next 12 months?,How much do you think your behavior will change within the next 12 months?,How old are you?,What is your gender?,What is the highest level of school you have completed or the highest degree you have received?,Which one of the following categories best describes your household's annual gross income?,Where do you live? - Selected Choice - Austria,Where do you live? - Selected Choice - Germany,Where do you live? - Selected Choice - Other,Where do you live? - Other - Text,How many people live in your household?,Did you fully understand all the questions in this survey?
"{""ImportId"":""startDate"",""timeZone"":""America/Denver""}","{""ImportId"":""endDate"",""timeZone"":""America/Denver""}","{""ImportId"":""status""}","{""ImportId"":""ipAddress""}","{""ImportId"":""progress""}","{""ImportId"":""duration""}","{""ImportId"":""finished""}","{""ImportId"":""recordedDate"",""timeZone"":""America/Denver""}","{""ImportId"":""_recordId""}","{""ImportId"":""recipientLastName""}","{""ImportId"":""recipientFirstName""}","{""ImportId"":""recipientEmail""}","{""ImportId"":""externalDataReference""}","{""ImportId"":""locationLatitude""}","{""ImportId"":""locationLongitude""}","{""ImportId"":""distributionChannel""}","{""ImportId"":""userLanguage""}","{""ImportId"":""QID8""}","{""ImportId"":""QID34_1""}","{""ImportId"":""QID34_2""}","{""ImportId"":""QID34_3""}","{""ImportId"":""QID34_4""}","{""ImportId"":""QID34_5""}","{""ImportId"":""QID34_5_TEXT""}","{""ImportId"":""QID33_1""}","{""ImportId"":""QID33_2""}","{""ImportId"":""QID33_3""}","{""ImportId"":""QID33_4""}","{""ImportId"":""QID33_5""}","{""ImportId"":""QID33_6""}","{""ImportId"":""QID33_7""}","{""ImportId"":""QID37_TEXT""}","{""ImportId"":""QID49_TEXT""}","{""ImportId"":""QID59_TEXT""}","{""ImportId"":""QID61_TEXT""}","{""ImportId"":""QID63_TEXT""}","{""ImportId"":""QID65_TEXT""}","{""ImportId"":""QID1_1""}","{""ImportId"":""QID1_2""}","{""ImportId"":""QID1_3""}","{""ImportId"":""QID1_4""}","{""ImportId"":""QID1_5""}","{""ImportId"":""QID3""}","{""ImportId"":""QID46_1""}","{""ImportId"":""QID4_1""}","{""ImportId"":""QID4_2""}","{""ImportId"":""QID4_3""}","{""ImportId"":""QID4_4""}","{""ImportId"":""QID5_1""}","{""ImportId"":""QID5_2""}","{""ImportId"":""QID5_3""}","{""ImportId"":""QID5_4""}","{""ImportId"":""QID5_5""}","{""ImportId"":""QID10_1""}","{""ImportId"":""QID10_2""}","{""ImportId"":""QID10_3""}","{""ImportId"":""QID10_4""}","{""ImportId"":""QID40""}","{""ImportId"":""QID41_1""}","{""ImportId"":""QID41_2""}","{""ImportId"":""QID41_3""}","{""ImportId"":""QID41_4""}","{""ImportId"":""QID41_5""}","{""ImportId"":""QID41_5_TEXT""}","{""ImportId"":""QID42_1""}","{""ImportId"":""QID50_1""}","{""ImportId"":""QID13""}","{""ImportId"":""QID11""}","{""ImportId"":""QID45_1""}","{""ImportId"":""QID45_2""}","{""ImportId"":""QID45_3""}","{""ImportId"":""QID45_4""}","{""ImportId"":""QID57""}","{""ImportId"":""QID55""}","{""ImportId"":""QID53""}","{""ImportId"":""QID66""}","{""ImportId"":""QID24_TEXT""}","{""ImportId"":""QID29""}","{""ImportId"":""QID25""}","{""ImportId"":""QID30""}","{""ImportId"":""QID28"",""choiceId"":""1""}","{""ImportId"":""QID28"",""choiceId"":""2""}","{""ImportId"":""QID28"",""choiceId"":""3""}","{""ImportId"":""QID28_3_TEXT""}","{""ImportId"":""QID31_TEXT""}","{""ImportId"":""QID44""}"
2019-11-01 02:13:07,2019-11-01 02:21:41,0,89.144.204.52,100,513,1,2019-11-01 02:21:42,R_1YbbIFT2P1b6ekN,,,,,48.19999694824219,16.36669921875,anonymous,EN,2,0,90,10,0,0,,5,4,6,5,4,3,6,02.50,02.50,01.90,01.50,06.90,06.90,6,6,6,1,5,,55,87,100,84,74,100,80,100,75,30,4,4,3,4,2,100,0,0,100,0,,4,45,2,7,1,3,3,4,3,4,3,,23,2,3,1,1,,,,1,1
2019-11-01 02:14:06,2019-11-01 02:26:02,0,213.142.96.124,100,715,1,2019-11-01 02:26:03,R_w7Ph2h8lppYIJ6V,,,,,48.20770263671875,16.370498657226562,anonymous,EN,3,0,50,50,0,0,,4,5,5,5,4,4,6,2.5,3,0.60,1,0,0,6,6,6,2,2,,66,61,80,44,65,0,0,0,100,0,5,5,5,2,1,0,0,100,0,0,,3,51,6,0,1,1,1,1,2,4,2,,24,2,4,1,1,,,,1,1
2019-11-01 02:27:00,2019-11-01 02:38:38,0,212.95.5.90,100,698,1,2019-11-01 02:38:38,R_3RwjJqp399Ga5LM,,,,,48.21690368652344,16.49969482421875,anonymous,EN,2,98,2,0,0,0,,6,5,1,2,6,4,5,1.99,1.99,0.89,0.99,0.00,3.50,5,5,4,3,5,,49,81,100,71,52,80,10,5,0,5,5,2,2,5,1,0,0,0,100,0,,3,2,6,2,3,3,3,2,2,1,,2,24,2,4,1,1,,,,1,1
2019-11-01 02:46:17,2019-11-01 02:53:37,0,213.162.73.140,100,440,1,2019-11-01 02:53:37,R_1N7TIk9MjEKYI0t,,,,,47.13519287109375,15.460098266601562,anonymous,EN,2,30,40,20,10,0,,4,2,5,4,5,5,6,02.49,02.99,01.99,2.49,06.99,07.99,4,4,4,4,5,,52,53,52,100,47,30,20,20,20,10,3,3,3,3,2,20,0,20,60,0,,4,10,6,7,1,3,4,5,3,3,3,,25,2,2,1,1,,,,1,1
2019-11-01 03:08:06,2019-11-01 03:17:40,0,80.110.125.99,100,574,1,2019-11-01 03:17:40,R_3OkSPNyYYVv8YLU,,,,,48.16400146484375,16.446304321289062,anonymous,EN,3,60,20,20,0,0,,4,4,4,4,4,3,6,2.00,02.50,01.50,01.50,04.00,04.00,5,5,4,2,5,,45,65,100,50,68,50,15,30,0,5,4,4,3,4,2,0,0,80,20,0,,4,62,6,4,1,3,4,2,4,4,,4,24,2,4,1,1,,,,1,1
2019-11-01 03:39:03,2019-11-01 03:54:54,0,212.197.132.62,100,950,1,2019-11-01 03:54:54,R_3kHzNH3NUqDTHzl,,,,,48.233795166015625,16.29010009765625,anonymous,EN,3,50,50,0,0,0,,5,4,4,4,5,4,6,"4,50","04,50","04,50€","1,50",10,"09,50",6,5,4,2,4,,60,82,83,61,62,40,20,20,10,10,3,3,3,5,3,0,0,50,0,50,"Nicht Mainstream ",3,40,7,5,1,3,5,3,4,3,,4,20,1,3,1,1,,,,2,1
2019-11-01 03:52:25,2019-11-01 03:56:50,0,213.47.171.210,100,264,1,2019-11-01 03:56:50,R_1rD0vJvIOgnPVZw,,,,,48.21690368652344,16.49969482421875,anonymous,EN,2,10,90,0,0,0,,2,4,4,4,3,1,6,1.00,1.3,1,1.7,1.3,4,4,4,4,1,6,,40,39,100,24,100,50,10,40,0,0,4,3,3,5,4,0,0,50,50,0,,4,89,5,4,1,3,3,3,3,2,3,,21,1,4,1,1,,,,1,1
2019-11-01 03:53:13,2019-11-01 04:03:50,0,178.115.128.231,100,637,1,2019-11-01 04:03:51,R_r2WjSsYAVI7KcXD,,,,,48.240203857421875,16.377304077148438,anonymous,EN,2,85,15,0,0,0,,5,6,4,4,2,3,6,2.50,3.00,1.50,1.75,4.00,5.00,5,5,5,2,6,,25,59,93,29,91,20,5,75,0,,3,2,3,4,3,15,0,85,0,0,,3,68,8,4,1,1,4,3,1,1,2,,23,2,4,1,1,,,,2,1
2019-11-01 03:55:17,2019-11-01 04:04:50,0,83.245.235.167,100,572,1,2019-11-01 04:04:51,R_25L7S5P18FuQirr,,,,,60.44490051269531,22.226104736328125,anonymous,EN,2,0,100,0,0,0,,4,3,5,4,5,3,6,4eur per kilo,4,2,2,4,4,5,5,4,3,2,,40,40,100,55,70,50,5,30,5,10,4,4,3,4,4,0,0,20,80,0,,4,40,6,6,3,4,3,3,3,4,,4,22,2,4,1,,,1,Finland,4,1
2019-11-01 04:08:48,2019-11-01 04:16:41,0,37.162.56.165,100,473,1,2019-11-01 04:16:41,R_1mODjjtJplXYRbf,,,,,43.14790344238281,12.109695434570312,anonymous,EN,2,100,0,0,0,0,,6,5,5,5,6,5,6,1.50,1.60,2,2.50,5,6,6,6,5,1,4,,40,51,100,79,48,25,25,25,25,0,4,4,4,3,4,0,0,70,30,0,,4,100,5,3,1,4,2,1,5,4,,4,23,2,4,1,1,,,,1,1
2019-11-01 04:24:22,2019-11-01 04:35:06,0,212.95.5.213,100,643,1,2019-11-01 04:35:06,R_ROgtxtPobiy6uqJ,,,,,48.19520568847656,16.350296020507812,anonymous,EN,2,55,30,15,0,0,,5,5,4,5,5,5,5,2.00,3.00,1.50,3.50,6.00,10.00,6,5,5,2,4,,65,87,100,83,80,35,20,20,15,10,5,5,3,4,2,0,0,20,80,0,,4,20,5,7,1,4,3,4,4,3,3,,22,2,4,1,1,,,,1,1
2019-11-01 04:34:31,2019-11-01 04:40:14,0,213.142.96.171,100,342,1,2019-11-01 04:40:14,R_2SqQ2WJz5dsKZG6,,,,,48.20770263671875,16.370498657226562,anonymous,EN,2,0,100,0,0,0,,3,3,3,3,4,3,3,5,5,3,3,5,6,4,4,4,3,4,,41,41,81,21,82,50,0,40,5,0,3,4,4,4,3,0,10,40,50,0,,3,49,5,2,1,2,3,2,2,3,2,,29,1,4,5,1,,,,2,1
2019-11-01 04:39:22,2019-11-01 04:48:47,0,213.162.72.188,100,564,1,2019-11-01 04:48:47,R_2aWWDJO6HAB8Yez,,,,,46.62469482421875,14.3052978515625,anonymous,EN,2,0,100,0,0,0,,4,2,4,4,5,4,6,3,3,2,2,15,15,5,4,4,2,5,,38,58,40,52,64,50,20,20,0,10,4,4,3,3,3,10,20,0,70,0,,3,48,6,2,3,1,3,1,2,3,3,,19,2,2,2,1,,,,4,1
2019-11-01 04:47:33,2019-11-01 04:52:33,0,91.115.164.224,100,300,1,2019-11-01 04:52:33,R_5heHwjPKW8beUw1,,,,,48.20770263671875,16.175399780273438,anonymous,EN,2,0,100,0,0,0,,4,3,4,4,5,4,6,02.00,03.00,04.00,04.50,10.00,13.00,5,5,4,2,4,,57,66,86,84,90,25,15,25,20,15,4,3,2,4,4,0,0,80,20,0,,2,51,7,6,1,3,4,4,2,2,2,,22,2,4,1,1,,,,1,2
2019-11-01 04:45:42,2019-11-01 04:58:59,0,62.47.130.72,100,796,1,2019-11-01 04:58:59,R_3P7aiEKcfyh28nG,,,,,46.80000305175781,13.5,anonymous,EN,2,0,100,0,0,0,,5,3,5,4,5,5,5,"01,50","02,00","01,25","02,00","8,00","10,00",5,5,5,1,5,,41,61,66,69,71,50,0,40,10,0,3,3,2,2,3,50,50,0,0,0,,2,69,6,5,1,3,3,1,2,2,,2,46,2,4,2,1,,,,4,1
2019-11-01 04:51:26,2019-11-01 05:00:39,0,213.162.73.162,100,552,1,2019-11-01 05:00:39,R_1P1n99BV7fHFKp8,,,,,47.023193359375,15.533706665039062,anonymous,EN,2,80,20,0,0,0,,5,6,5,5,4,4,6,2,3,2,3,10,15,5,5,4,2,5,,25,37,59,79,100,60,10,20,10,0,2,5,4,2,2,30,0,40,30,0,,3,38,5,5,1,2,3,3,3,3,,3,24,2,4,1,1,,,,1,1
2019-11-01 04:55:35,2019-11-01 05:10:28,0,89.144.204.240,100,892,1,2019-11-01 05:10:28,R_2PjSytPgKEcMEjw,,,,,48.19999694824219,16.36669921875,anonymous,EN,3,2,1,1,0,0,,5,5,5,5,4,5,6,"2,00",02.00,01.00,01.00,07.00,07.00,6,6,6,1,5,,41,61,100,77,51,70,10,10,5,5,5,4,5,5,4,5,6,4,0,0,,3,92,5,3,2,3,3,3,1,2,,3,53,2,5,3,1,,,,2,1
2019-11-01 05:03:34,2019-11-01 05:14:03,0,193.171.26.78,100,628,1,2019-11-01 05:14:03,R_1Qm9zXn4HgBX02Q,,,,,48.19520568847656,16.350296020507812,anonymous,EN,2,0,100,0,0,0,,2,5,4,2,4,4,5,5,7,2,3,7,9,4,3,4,2,3,,50,35,35,80,81,40,10,30,10,10,4,5,6,2,4,0,0,50,50,0,,3,72,4,3,2,2,2,3,2,2,2,,24,1,4,2,1,,,,4,1
2019-11-01 05:06:46,2019-11-01 05:17:13,0,192.164.153.193,100,627,1,2019-11-01 05:17:14,R_22K56jI3SGa6BpL,,,,,48.20770263671875,16.370498657226562,anonymous,EN,2,40,55,0,5,0,,5,6,4,4,6,5,6,5,05.00,03.00,02.00,12.00,09.00,5,5,5,1,2,,40,70,85,100,70,40,30,20,10,0,5,5,5,3,4,40,0,30,30,0,,4,35,4,3,2,4,3,4,2,2,2,,24,1,4,1,1,,,,1,1
2019-11-01 05:33:04,2019-11-01 05:41:02,0,213.162.68.224,100,477,1,2019-11-01 05:41:02,R_3Dnc6tyVNIYAg82,,,,,46.650604248046875,14.353897094726562,anonymous,EN,2,0,100,0,0,0,,2,1,2,4,2,2,2,"3,00","4,00","01,00","02,00","06,00","08,00",1,1,1,1,1,,12,53,34,84,82,40,20,30,10,0,1,1,1,1,2,20,40,40,0,0,,2,62,8,6,3,3,3,3,2,2,4,,20,1,1,2,1,,,,4,2
2019-11-01 05:42:38,2019-11-01 05:53:03,0,213.162.73.234,100,625,1,2019-11-01 05:53:03,R_1FxCuJiY6DxyPXO,,,,,47.41670227050781,15.283294677734375,anonymous,EN,2,60,0,0,40,0,,5,5,5,5,6,6,5,3.00,3.00,1.99,2.99,5.00,8.00,5,5,5,4,4,,61,100,52,100,57,30,30,40,0,0,5,5,5,2,2,50,50,0,0,0,,2,37,6,6,2,3,3,3,1,2,,2,24,1,2,2,1,,,,2,2
2019-11-01 06:10:04,2019-11-01 06:20:29,0,213.225.11.93,100,625,1,2019-11-01 06:20:30,R_3JA9Sgkx7z1Z3u9,,,,,48.216705322265625,16.399993896484375,anonymous,EN,2,0,20,40,10,30,Online,3,3,3,5,3,4,5,1.0,2.0,2.0,2,10.00,10,4,3,5,4,3,,54,88,47,90,40,20,60,10,0,10,5,5,5,4,2,30,10,30,30,0,,4,56,5,5,3,2,3,3,2,3,2,,52,1,5,2,1,,,,3,1
2019-11-01 06:16:15,2019-11-01 06:24:20,0,188.23.52.128,100,484,1,2019-11-01 06:24:20,R_O8wJaQmUQFM6hPj,,,,,47.08329772949219,15.566696166992188,anonymous,EN,2,30,70,0,0,0,,5,3,5,6,6,6,4,"3,50",03.50,"02,50",01.50,06.00,06.00,6,6,5,1,5,,79,80,100,75,100,40,20,25,15,0,5,4,5,2,4,60,0,30,10,0,,3,75,7,6,2,3,4,1,3,3,,3,23,2,4,1,1,,,,2,1
2019-11-01 06:34:11,2019-11-01 06:54:29,0,77.119.129.231,100,1218,1,2019-11-01 06:54:29,R_1nW6z9yaMi4FN3u,,,,,48.19679260253906,16.319107055664062,anonymous,EN,2,30,70,0,0,0,,3,5,3,4,4,2,4,"5,10€","5,10€","3,70€","3,70€",20€,20€,4,4,4,4,4,,38,37,47,67,85,30,10,60,0,0,4,5,4,2,2,20,0,0,80,0,,4,12,9,4,3,5,4,4,2,1,2,,21,2,3,2,1,,,,2,1
2019-11-01 07:17:33,2019-11-01 07:24:34,0,178.165.130.65,100,421,1,2019-11-01 07:24:35,R_2cqtlBlLL5nKQ7h,,,,,48.17730712890625,16.24560546875,anonymous,EN,2,20,80,0,0,0,,5,5,3,5,4,4,5,2.20,2.60,2.00,2.80,5.50,7.10,6,5,3,1,5,,38,64,93,74,75,40,20,30,10,0,3,5,5,3,4,30,0,20,50,0,,4,71,6,4,1,3,3,2,4,4,3,,23,1,4,1,1,,,,3,1
2019-11-01 07:44:38,2019-11-01 08:12:12,0,80.110.71.238,100,1654,1,2019-11-01 08:12:13,R_3KVeqwP8hcauUsY,,,,,47.08329772949219,15.566696166992188,anonymous,EN,2,0,100,0,0,0,,4,4,4,5,4,4,2,03.50,04.50,03.80,04.8ß,05.30,06.00,5,4,4,2,6,,40,50,52,75,88,85,5,5,5,0,4,5,5,2,3,70,30,0,0,0,,4,66,6,6,1,4,4,3,3,3,,3,62,2,5,2,1,,,,2,2
2019-11-01 08:28:41,2019-11-01 08:43:09,0,89.144.213.107,100,868,1,2019-11-01 08:43:09,R_2eQZv8qZpgMrUcw,,,,,48.19999694824219,16.36669921875,anonymous,EN,2,0,25,25,50,0,,5,5,5,5,6,6,6,3,3.00,2.00,3.00,8.50,10.50,6,5,5,5,4,,71,92,89,96,56,30,50,20,0,0,5,5,5,2,4,50,50,0,0,0,,2,52,6,4,2,2,2,2,1,2,,2,54,2,2,2,1,,,,3,1
2019-11-01 08:28:14,2019-11-01 08:45:04,0,77.119.128.200,100,1010,1,2019-11-01 08:45:04,R_XhW7NbweKwF4dWN,,,,,48.15350341796875,16.385498046875,anonymous,EN,2,100,0,0,0,0,,3,6,6,4,6,6,6,"00, 00",02.00,0.50,80.00,07.00,08.00,4,5,5,5,2,,58,56,41,99,8,40,0,40,20,0,2,5,5,2,2,0,100,0,0,0,,1,42,4,6,3,1,3,3,2,2,2,,75,1,5,2,1,,,,1,2
2019-11-01 09:22:35,2019-11-01 09:32:32,0,89.144.212.207,100,597,1,2019-11-01 09:32:32,R_24PqWnmZDZLsCTc,,,,,48.19999694824219,16.36669921875,anonymous,EN,2,20,70,10,0,0,,2,4,5,2,4,4,6,4,5,"1,50",2,15,20,5,4,4,3,4,,61,74,50,75,60,20,20,15,30,15,5,5,4,3,3,30,5,15,50,0,,4,40,3,2,3,2,4,2,2,2,3,,25,2,3,1,1,,,,3,1
2019-11-01 09:49:15,2019-11-01 09:57:40,0,213.225.11.92,100,504,1,2019-11-01 09:57:40,R_6gMZ6kBavga9lF7,,,,,48.216705322265625,16.399993896484375,anonymous,EN,2,25,75,0,0,0,,5,5,5,5,5,5,5,3.00,4.00,1.00,2.00,5.00,7.00,6,5,5,2,4,,50,31,49,60,54,100,0,0,0,0,2,3,3,4,3,20,20,60,0,0,,4,77,3,2,2,2,3,2,2,2,2,,29,2,3,2,1,,,,2,1
2019-11-01 09:59:44,2019-11-01 10:10:56,0,91.115.28.70,100,672,1,2019-11-01 10:10:57,R_1pSRpuiwmMdJfF0,,,,,47.845703125,16.523300170898438,anonymous,EN,2,0,100,0,0,0,,4,3,3,2,2,4,6,04.50,04.50,02.50,01.50,05.00,05.00,5,4,5,1,4,,30,25,80,51,84,35,5,50,5,5,2,2,4,5,2,0,0,0,40,60,late-night talk & news satire programs,3,29,3,1,1,1,2,1,3,1,,3,24,2,4,4,1,,,,3,1
2019-11-01 10:50:11,2019-11-01 10:53:38,0,212.95.5.235,100,206,1,2019-11-01 10:53:38,R_1nWbqOhfc6ASsUc,,,,,48.20770263671875,16.370498657226562,anonymous,EN,2,100,0,0,0,0,,1,4,2,2,2,2,2,00.40,10.23,1.30,05.00,20.00,20.00,5,5,5,5,5,,19,91,32,30,32,0,0,0,100,0,3,4,4,4,2,0,0,0,100,0,,3,25,5,3,3,3,3,3,3,3,3,,22,2,4,1,1,,,,3,1
2019-11-01 11:37:06,2019-11-01 12:51:12,0,178.191.5.47,100,4446,1,2019-11-01 12:51:12,R_1FPqxsM0E7svhGB,,,,,46.80000305175781,13.5,anonymous,EN,2,50,50,0,0,0,,4,5,4,4,5,4,5,"4,00","04,00","3,00","3,00","6,00","6,00",4,4,4,2,4,,60,51,59,52,67,60,10,30,0,0,5,4,2,4,4,20,20,20,20,20,,4,40,5,3,3,4,1,3,2,2,2,,36,2,5,2,1,,,,2,1
2019-11-01 13:27:25,2019-11-01 13:49:15,0,178.191.6.166,100,1309,1,2019-11-01 13:49:15,R_yUs9YofIFVsTUyt,,,,,46.80000305175781,13.5,anonymous,EN,3,30,30,40,0,0,,4,3,1,3,5,6,5,"€4,--","€4,--","€3,--","€3,--","€6,--","€7,00 ",5,4,4,3,4,,62,56,65,79,74,40,35,20,5,0,2,2,2,5,2,10,10,10,70,0,,3,51,6,6,1,3,3,1,3,2,,3,49,2,1,1,1,,,,3,1
2019-11-01 14:15:33,2019-11-01 15:35:53,0,78.104.108.28,100,4819,1,2019-11-01 15:35:53,R_3F3bSRMJnfUCloc,,,,,48.74440002441406,15.258407592773438,anonymous,EN,2,0,90,10,0,0,,5,5,4,5,5,4,6,2,2,1,1,5,5,5,5,5,2,4,,20,70,100,20,60,30,20,30,20,0,2,2,3,4,3,0,0,50,50,0,,3,70,5,0,1,5,2,2,3,4,,3,23,2,4,1,1,,,,2,1
2019-11-02 01:25:06,2019-11-02 01:31:30,0,213.225.35.82,100,383,1,2019-11-02 01:31:31,R_3NVDUqx36iHRvlH,,,,,48.19200134277344,16.367095947265625,anonymous,EN,3,10,70,10,10,0,,6,6,6,6,5,5,6,2.19,2.49,2.49,2.99,12.00,20.00,6,6,5,1,4,,70,100,100,100,35,60,10,0,20,10,6,6,6,3,4,40,,40,20,0,,4,79,7,7,4,5,5,5,4,4,5,,23,1,4,2,1,,,,2,1
2019-11-02 09:20:42,2019-11-02 09:30:09,0,213.225.11.92,100,566,1,2019-11-02 09:30:09,R_3HUlw22jCf5tF3b,,,,,48.216705322265625,16.399993896484375,anonymous,EN,3,1,3,0,0,0,,3,5,2,5,5,5,5,2.00,2.00,3.00,4.00,5.00,8.00,5,5,5,5,3,,64,79,100,100,50,40,20,10,10,20,4,5,5,4,2,30,30,10,30,0,,3,40,5,6,3,4,4,4,2,4,2,,26,2,3,2,1,,,,4,2
2019-11-02 10:51:05,2019-11-02 10:58:06,0,91.119.164.192,100,421,1,2019-11-02 10:58:07,R_2tfja7kQV9kULfb,,,,,46.61729431152344,13.83489990234375,anonymous,EN,4,0,100,0,0,0,,4,6,5,2,6,6,6,"3,5","3,5",7,9,18,18,4,4,4,3,1,,59,46,32,90,99,100,90,80,60,0,1,2,4,2,3,0,0,0,10,90,Radio,2,2,7,2,5,5,3,5,1,1,,1,41,2,5,2,1,,,,2,1
2019-11-02 11:09:36,2019-11-02 11:15:59,0,193.171.26.74,100,383,1,2019-11-02 11:16:00,R_10ryUgQbEW2Qecx,,,,,48.20060729980469,16.367202758789062,anonymous,EN,3,10,90,0,0,0,,4,6,4,4,2,5,6,3.00,4.00,1.99,3.00,4.00,6.00,5,4,4,2,4,,26,61,73,100,63,70,10,10,10,0,3,2,3,4,2,0,0,80,20,0,,4,37,6,4,2,4,4,3,3,4,,5,19,2,3,4,1,,,,4,1
2019-11-02 11:09:13,2019-11-02 11:19:41,0,62.46.103.167,100,628,1,2019-11-02 11:19:41,R_22x0kKcVN3FFYkl,,,,,48.55000305175781,16.083297729492188,anonymous,EN,3,15,80,0,5,0,,4,5,4,4,3,4,5,3.50,4.00,1.00,1.20,8.00,11.00,4,4,4,3,4,,30,69,65,86,57,40,10,30,15,5,2,5,4,3,3,50,0,5,45,0,,4,70,5,9,3,4,2,3,3,4,,3,21,1,2,4,1,,,,4,1
2019-11-02 11:19:17,2019-11-02 11:35:03,0,80.110.127.91,100,946,1,2019-11-02 11:35:04,R_2Bo1vv6YUmP00ob,,,,,48.15350341796875,16.385498046875,anonymous,EN,2,0,70,30,0,0,,4,3,4,2,4,5,5,2.50,2.00,1.50,1.50,5.00,5.00,4,4,4,4,4,,48,35,34,88,74,50,15,20,10,5,3,4,4,3,4,90,0,0,10,0,,4,73,5,5,1,3,5,2,2,2,4,,20,2,2,3,1,,,,4,1
2019-11-02 11:28:58,2019-11-02 11:43:03,0,91.1.45.109,100,845,1,2019-11-02 11:43:04,R_2e5a4lFyDxgeMkN,,,,,50.385101318359375,7.4989013671875,anonymous,EN,1,50,50,0,0,0,,3,2,1,4,5,4,6,3.00€,3.00€,2.00€,"2,00€",10.00€,"15,00€",4,5,3,1,4,,40,20,35,24,58,50,0,40,10,0,4,3,1,5,2,0,0,20,80,0,,4,0,6,3,1,4,4,1,3,2,,2,23,2,2,1,,1,,,2 and 2 dogs,1
2019-11-02 11:38:39,2019-11-02 11:47:35,0,188.22.80.239,100,535,1,2019-11-02 11:47:35,R_sETC5y4h1XFxqJH,,,,,47.92799377441406,16.216506958007812,anonymous,EN,3,20,70,10,0,0,,4,6,5,5,4,4,5,04.00,04.00,01.00,02.00,04.00,04.00,5,4,6,2,3,,50,60,70,60,80,50,20,30,0,0,3,1,2,4,4,10,0,90,0,0,,3,90,5,5,1,5,4,2,3,3,3,,49,1,4,3,1,,,,4,1
2019-11-02 11:46:15,2019-11-02 11:56:56,0,80.110.118.33,100,640,1,2019-11-02 11:56:57,R_a04K3wZeql1Vksx,,,,,48.186492919921875,16.354904174804688,anonymous,EN,3,0,90,0,10,0,,6,5,6,6,6,6,6,4,04.00,02.00,02.00,05.00,05.00,6,6,5,1,2,,70,78,14,75,31,10,20,20,30,20,5,5,5,2,4,10,0,40,40,10,Friends and family,4,79,3,4,2,4,2,2,4,3,3,,19,2,2,1,1,,,,2,1
2019-11-02 11:48:53,2019-11-02 11:59:04,0,46.189.28.61,100,611,1,2019-11-02 11:59:05,R_BX3ua0sprhSz0ch,,,,,51.29930114746094,9.490997314453125,anonymous,EN,2,20,60,20,0,0,,4,5,4,3,4,4,5,"02,00","02,00€","01,50€","01,50€","03,00€","03,00€",4,3,4,4,5,,50,50,51,64,58,50,0,50,0,0,4,4,5,3,3,30,0,0,30,40,"YouTube ",3,62,5,3,3,2,4,1,2,2,2,,21,1,3,3,1,,,,4,2
2019-11-02 11:59:42,2019-11-02 12:14:30,0,81.223.119.92,100,888,1,2019-11-02 12:14:30,R_2dnZpKXW51VqRki,,,,,48.19679260253906,16.319107055664062,anonymous,EN,3,40,60,0,0,0,,6,5,6,6,5,5,6,"2,50","3,50","1,99","2,50","4,00","6,00",6,6,6,1,1,,91,100,100,94,70,20,40,10,30,0,5,5,4,4,2,0,0,50,50,0,,1,40,7,2,1,1,3,2,3,3,2,,22,2,4,1,1,1,,,1,1
2019-11-02 16:01:10,2019-11-02 16:07:30,0,130.180.24.134,100,380,1,2019-11-02 16:07:30,R_2YVwmhU5OzoPQyi,,,,,51.16819763183594,6.6846923828125,anonymous,EN,3,1,2,0,0,0,,6,6,6,6,5,6,6,6,6,2,4,10,20,6,6,5,1,4,,85,100,100,100,80,100,100,60,80,80,6,6,4,4,2,0,50,0,0,80,Radio,4,80,9,7,1,1,4,1,3,4,3,,22,2,4,3,,1,,,1,1
2019-11-02 16:07:46,2019-11-02 16:14:04,0,93.131.116.5,100,377,1,2019-11-02 16:14:05,R_8vlB9q3jt0nIdqh,,,,,51.501007080078125,7.33709716796875,anonymous,EN,2,80,20,0,0,0,,4,3,4,4,5,4,5,2.90,02.90,00.50,00.50,05.00,04.00,5,4,4,2,5,,30,53,76,41,100,50,20,30,0,0,2,5,5,4,2,30,30,20,20,0,,3,70,3,7,3,4,4,5,4,5,,4,21,2,4,1,,1,,,3,1
2019-11-03 01:09:53,2019-11-03 01:21:46,0,5.10.4.198,100,712,1,2019-11-03 01:21:46,R_1oI89hTdpbhodbV,,,,,51.10820007324219,6.94830322265625,anonymous,EN,2,70,30,0,0,0,,5,2,3,3,4,4,5,"3 Euro ",03.00,02.00,02.00,06.00,05.00,5,5,4,2,4,,63,77,100,74,42,60,30,10,0,0,4,4,4,3,4,45,55,0,0,0,,3,83,7,8,3,3,4,3,3,3,,3,53,2,5,5,,1,,,2,1
2019-11-03 01:23:06,2019-11-03 01:36:20,0,77.119.129.96,100,794,1,2019-11-03 01:36:21,R_21pGRX958HJY9SA,,,,,48.21690368652344,16.49969482421875,anonymous,EN,4,25,70,5,0,0,,4,6,4,4,2,3,5,2.50,3.50,2,3,5,7,5,5,4,4,4,,10,30,70,80,70,40,20,20,20,0,2,1,4,1,1,50,50,0,0,0,,2,20,1,8,2,2,3,4,1,2,1,,24,1,4,2,1,,,,3,1
2019-11-03 07:09:15,2019-11-03 07:18:53,0,90.146.229.174,100,577,1,2019-11-03 07:18:53,R_1I78JePrU8MKSlI,,,,,48.16670227050781,14.033294677734375,anonymous,EN,2,90,9,1,0,0,,5,4,5,4,4,5,6,"2,99","3,99","0,99","1,49",10,12,6,5,5,1,6,,68,100,100,100,60,30,30,10,30,0,4,4,3,5,4,20,5,40,35,0,,4,90,7,7,3,4,4,3,3,4,4,,54,1,5,5,1,,,,2,1
2019-11-03 09:31:04,2019-11-03 09:39:30,0,82.218.36.236,100,506,1,2019-11-03 09:39:31,R_Ycv1cild5IOt2AF,,,,,47.75,16.666702270507812,anonymous,EN,2,20,80,0,0,0,,5,4,4,4,3,4,5,4€,04.00,01.00,01.89,04.00,04.00,6,5,5,1,4,,60,71,100,82,91,50,10,20,15,5,3,4,2,4,1,0,0,0,100,0,,3,35,5,7,1,3,4,3,4,3,3,,19,2,2,1,1,,,,3,1
2019-11-03 10:40:00,2019-11-03 10:52:26,0,62.99.220.102,100,745,1,2019-11-03 10:52:26,R_2QMdqBGWe4DSAJ5,,,,,48.216705322265625,16.399993896484375,anonymous,EN,2,0,90,0,0,0,,4,6,4,4,5,5,6,"2€ ",2€,"2,5€","2,5€",8€,8€,5,5,5,2,6,,40,50,80,90,10,10,20,70,0,0,4,6,5,3,2,0,0,0,100,0,,4,30,8,8,2,4,4,2,3,4,,3,18,1,2,2,,,1,Viet Nam,6,1
2019-11-03 11:55:48,2019-11-03 12:05:28,0,58.187.175.160,100,579,1,2019-11-03 12:05:29,R_10I71QqAFdoeKWG,,,,,10.814193725585938,106.643798828125,anonymous,EN,2,0,2,0,0,0,,5,6,5,6,3,4,3,12.99,6.99,3.89,5.89,9.99,17.89,6,5,5,2,4,,50,83,59,69,77,20,15,15,10,30,6,5,5,4,4,0,0,70,30,0,,5,69,7,10,3,4,5,4,3,3,,3,20,2,3,1,,,1,,4,1
2019-11-04 02:03:44,2019-11-04 02:43:00,0,78.132.96.128,100,2355,1,2019-11-04 02:43:00,R_RaeIcuK4orFz453,,,,,48.21119689941406,13.488601684570312,anonymous,EN,3,50,50,0,0,0,,5,5,6,5,6,6,6,"5,00","5,00","3,50",4.50,5.90,7.50,6,5,4,2,4,,49,82,78,90,90,30,25,25,20,0,5,4,4,4,2,20,0,80,0,0,,3,69,7,2,3,4,3,2,3,3,,3,24,2,2,2,1,,,,2,1
2019-11-04 04:32:11,2019-11-04 04:37:12,0,89.144.204.52,100,301,1,2019-11-04 04:37:13,R_2uWGCJpEiiXoCAm,,,,,48.19999694824219,16.36669921875,anonymous,EN,3,0,99,1,0,0,,5,4,5,4,4,4,6,2.49,2.49,1.19,1.19,6.70,6.70,5,6,5,2,4,,75,81,100,91,60,50,10,20,20,0,4,4,5,3,2,10,0,0,90,0,,5,43,4,6,3,4,3,5,3,2,3,,22,2,3,1,1,,,,1,1
2019-11-04 04:59:03,2019-11-04 05:09:07,0,194.166.149.2,100,603,1,2019-11-04 05:09:07,R_11dVWqL5twmb0hz,,,,,48.21690368652344,16.49969482421875,anonymous,EN,2,60,40,0,0,0,,4,6,5,5,6,5,6,2.00,2.50,1.30,2.10,4.00,6.00,4,5,4,6,5,,30,30,61,80,70,30,15,15,25,15,4,2,2,5,3,30,15,20,35,0,,4,70,6,4,3,4,3,5,4,3,3,,23,2,4,2,1,,,,2,1
2019-11-04 06:31:38,2019-11-04 06:45:23,0,78.104.86.73,100,825,1,2019-11-04 06:45:24,R_xixRjOOhbUO0QBX,,,,,47.80079650878906,13.044296264648438,anonymous,EN,2,70,30,0,0,0,,5,6,6,5,5,6,6,4 Euro,04.00 Euro,01.00 Euro,01.00 Euro,09.00 Euro,09.00 Euro,4,4,5,2,5,,50,40,100,100,80,40,20,40,0,0,5,2,3,4,3,30,0,30,40,0,,2,40,6,3,1,4,5,1,3,4,,4,21,2,2,1,1,,,,1,1
2019-11-05 02:53:54,2019-11-05 03:04:08,0,212.95.8.243,100,613,1,2019-11-05 03:04:08,R_wOivHiMAOycihI5,,,,,47.80000305175781,16.25,anonymous,EN,3,0,100,0,0,0,,2,2,3,3,2,2,2,02.00,02.00,01.50,01.50,07.00,06.00,5,4,4,1,6,,43,85,17,33,65,70,0,10,20,0,3,4,3,3,4,100,0,0,0,0,,4,84,5,6,1,3,2,3,1,3,4,,62,1,1,1,1,,,,3,1
2019-11-05 05:19:28,2019-11-05 05:25:47,0,76.223.162.5,100,378,1,2019-11-05 05:25:47,R_eeS7N4yAwm8csiR,,,,,50.118804931640625,8.684295654296875,anonymous,EN,3,20,80,0,0,0,,5,4,4,4,5,5,5,"04,00","05,00","02,99","03,99","04,99","05,99",5,4,3,3,6,,40,61,39,21,87,40,30,30,0,0,6,6,6,3,2,0,0,0,100,0,,4,34,10,10,1,3,5,3,3,2,,3,33,2,4,2,1,,,,3,1
2019-11-05 06:22:18,2019-11-05 06:28:09,0,137.208.166.240,100,351,1,2019-11-05 06:28:10,R_1mFuODOkrhmktRd,,,,,48.19200134277344,16.367095947265625,anonymous,EN,2,80,15,0,5,0,,5,6,5,6,5,6,6,3,4.5,3,4.5,8,11,6,6,6,2,5,,73,79,63,100,71,40,30,10,10,10,5,6,6,2,3,45,0,45,10,0,,2,71,5,2,1,1,3,2,5,5,,3,24,1,4,2,1,,,,1,1
2019-11-05 06:29:33,2019-11-05 06:43:14,0,137.208.190.115,100,820,1,2019-11-05 06:43:14,R_2S7CRHu1XMXL7jl,,,,,48.19200134277344,16.367095947265625,anonymous,EN,2,50,50,0,0,0,,2,5,2,2,3,4,6,4,04.00,02.50,2.50,7.00,7.00,6,5,4,3,3,,39,49,77,61,21,50,20,30,0,0,3,3,3,4,1,0,10,0,40,50,Radio,3,40,5,5,1,2,4,3,3,2,,3,26,1,4,1,1,,,,1,2
2019-11-05 06:45:08,2019-11-05 06:56:13,0,178.189.205.210,100,665,1,2019-11-05 06:56:13,R_1i2PUC90K1olwV7,,,,,48.350006103515625,16.333297729492188,anonymous,EN,2,0,70,30,0,0,,4,5,4,4,5,5,6,04.00,"4,00","3,00",3€,6€,6€,5,4,4,2,5,,50,65,70,80,70,50,30,0,10,10,5,4,4,3,4,30,20,40,10,0,,5,70,7,8,3,5,3,4,3,4,4,,34,2,3,2,1,,,,3,1
2019-11-05 06:53:43,2019-11-05 06:57:47,0,137.208.178.74,100,243,1,2019-11-05 06:57:47,R_3OqtHKT5nKGb2Ml,,,,,48.19200134277344,16.367095947265625,anonymous,EN,3,20,80,0,0,0,,4,3,4,3,6,3,6,1.00,1.2,1.5,1.7,4.0,4.0,5,4,4,1,6,,30,39,100,61,100,40,10,50,0,0,3,3,3,4,3,0,0,50,50,0,,4,88,6,5,3,3,3,4,4,3,3,,21,1,4,1,1,,,,1,1
2019-11-05 06:54:00,2019-11-05 07:00:14,0,137.208.169.75,100,373,1,2019-11-05 07:00:14,R_3iOPzDWGWWM8eKN,,,,,48.19200134277344,16.367095947265625,anonymous,EN,2,80,20,0,0,0,,5,6,4,5,5,4,6,1.5,1.7,1,1.2,3,3.5,6,6,6,5,5,,40,60,90,70,60,30,15,30,10,15,5,4,4,5,4,0,0,0,0,100,"online news aggregators  ",4,100,7,8,2,5,4,3,3,4,,4,23,1,5,1,,,1,,1,1
2019-11-05 06:57:21,2019-11-05 07:04:46,0,137.208.166.100,100,444,1,2019-11-05 07:04:46,R_1rlhZ0Nz9Ow5XXg,,,,,48.19200134277344,16.367095947265625,anonymous,EN,3,20,70,0,10,0,,6,5,4,5,5,5,6,3,3,6,6,15,15,5,5,5,1,4,,60,80,100,100,87,50,25,25,0,0,2,5,5,2,4,30,0,35,35,0,,3,70,10,6,1,3,4,2,3,3,,3,25,1,4,1,1,,,,2,1
2019-11-05 06:56:38,2019-11-05 07:07:09,0,213.162.73.136,100,631,1,2019-11-05 07:07:10,R_6RPHOObPs51LM8V,,,,,47.13519287109375,15.460098266601562,anonymous,EN,2,40,60,0,0,0,,6,3,5,5,4,5,6,2.00,2.40,1.00,1.80,5.00,8.00,6,5,6,2,6,,81,83,100,63,41,30,25,30,15,0,5,6,4,3,4,0,0,80,0,20,News podcasts/documentaries,4,88,6,7,1,4,4,2,3,4,,2,24,1,4,5,1,,1,UK,2-4,1
2019-11-05 06:53:57,2019-11-05 07:12:02,0,83.64.142.10,100,1084,1,2019-11-05 07:12:02,R_3M0D3GfB81mndNp,,,,,48.216705322265625,16.399993896484375,anonymous,EN,2,80,20,0,0,0,,5,2,3,3,5,4,6,1.00,1.50,0.70,1.00,4.00,6.00,5,5,4,2,3,,65,60,82,42,92,60,5,30,5,0,4,6,6,1,4,40,10,30,20,0,,5,71,5,4,4,5,4,4,2,3,,2,25,1,4,1,1,,,,4,1
2019-11-05 07:10:04,2019-11-05 07:12:30,0,217.149.175.159,100,145,1,2019-11-05 07:12:30,R_2YfdqB9PbyKME2O,,,,,48.20060729980469,16.367202758789062,anonymous,EN,2,90,10,0,0,0,,3,3,5,5,5,3,5,7,8,3,3,14,19,6,6,4,2,3,,48,49,3,3,3,90,10,0,0,0,6,4,3,3,2,50,0,50,0,0,,1,52,5,5,4,3,3,4,3,3,4,,23,2,4,1,1,,,,1,1
2019-11-05 07:03:40,2019-11-05 07:13:22,0,60.227.101.189,100,581,1,2019-11-05 07:13:22,R_1HbEZjmDU7mOubc,,,,,-33.842193603515625,151.11029052734375,anonymous,EN,2,0,100,0,0,0,,5,5,5,5,6,4,6,2,3,0,0,$5,$5,6,5,5,1,6,,80,100,100,90,82,40,50,,0,10,5,4,4,1,4,0,0,20,80,0,,4,70,10,10,5,5,3,1,3,3,3,,23,2,4,4,,,1,"Australia ",1,1
2019-11-05 07:09:35,2019-11-05 07:15:55,0,14.162.208.75,100,379,1,2019-11-05 07:15:56,R_2VDPHw23WFGTTV3,,,,,21.031295776367188,105.85159301757812,anonymous,EN,2,30,70,0,0,0,,3,6,2,2,4,4,6,3.00,3.00,1.00,1.00,6.00,6.00,2,2,2,5,3,,40,40,50,20,50,40,0,40,0,20,3,4,4,6,2,0,10,40,50,0,,4,30,3,3,1,1,2,2,1,1,,2,23,2,4,1,,,1,Finland,1,1
2019-11-05 07:57:58,2019-11-05 08:06:49,0,37.188.231.36,100,530,1,2019-11-05 08:06:50,R_1opDLyyONAolgWd,,,,,50.14329528808594,14.482101440429688,anonymous,EN,2,0,100,0,0,0,,4,5,4,4,4,4,6,00.99,01.00,01.50,02.00,07.00,10.00,6,6,5,2,3,,72,89,100,50,47,60,50,70,20,50,4,3,3,4,1,20,0,70,0,0,,3,54,7,7,1,1,5,3,4,3,,3,20,2,2,1,1,,,,3,1
2019-11-05 08:54:06,2019-11-05 08:59:58,0,37.201.226.175,100,351,1,2019-11-05 08:59:58,R_2ZDkhAujRMUKzNG,,,,,51.228302001953125,6.793792724609375,anonymous,EN,3,80,20,0,0,0,,3,4,5,4,5,4,6,3,4,2,2,8,10,5,4,4,3,5,,36,68,63,69,100,30,5,50,10,5,5,2,3,4,2,80,0,0,20,0,,3,49,6,5,1,3,4,1,2,3,3,,19,2,2,1,,1,,,2,1
2019-11-05 09:15:30,2019-11-05 09:33:39,0,27.79.144.249,100,1089,1,2019-11-05 09:33:41,R_81aDi7LYRMFd5wB,,,,,21.031295776367188,105.85159301757812,anonymous,EN,3,10,10,70,5,5,,5,5,4,4,5,4,4,2 euro,2 euro,2 euro,2.2 euro,4 euro,"4,2 euro",4,4,5,3,4,,41,60,61,62,60,40,10,40,5,5,4,4,4,4,3,5,0,60,30,5,,4,50,6,6,3,4,4,3,3,3,,4,48,2,4,2,,,1,Vietnam,6 people,1
2019-11-05 07:12:17,2019-11-05 09:39:59,0,194.118.24.73,100,8862,1,2019-11-05 09:40:00,R_3FLgsPqh5iBuLnS,,,,,47.35139465332031,16.207305908203125,anonymous,EN,3,30,70,0,0,0,,5,5,4,4,5,2,5,"1,50",1.50,2.00,2.00,4.00,4.00,6,5,4,2,4,,60,70,85,71,55,50,15,10,15,10,4,5,5,2,3,10,0,60,30,0,,4,30,4,4,2,4,2,4,2,4,4,,21,1,4,1,1,,,,2,1
2019-11-05 09:54:08,2019-11-05 10:00:30,0,84.114.151.131,100,381,1,2019-11-05 10:00:31,R_2ckoUJBESvIrvZL,,,,,48.216705322265625,16.399993896484375,anonymous,EN,2,0,80,20,0,0,,4,2,3,4,1,3,6,"3,99","03,99","01,99","01,99","09,99","12,99",6,5,5,3,4,,49,71,100,17,78,80,0,20,0,0,5,3,5,2,1,0,0,0,100,0,,3,38,8,8,1,5,4,4,4,4,,4,28,2,4,2,1,,,,2,2
2019-11-05 09:45:19,2019-11-05 10:05:55,0,89.146.92.118,100,1236,1,2019-11-05 10:05:55,R_1pGoFBhjz1mKQmn,,,,,41.31709289550781,69.24940490722656,anonymous,EN,3,0,80,20,0,0,,5,5,5,5,4,4,6,01.50,02.30,02.50,03.20,05.50,07.50,5,5,5,2,6,,85,80,88,60,80,60,20,15,0,5,3,3,2,5,4,20,0,0,80,0,,4,39,6,2,2,3,3,2,2,1,,2,51,2,5,2,,,1,,2,1
2019-11-05 10:07:12,2019-11-05 10:24:20,0,37.110.210.235,100,1027,1,2019-11-05 10:24:20,R_zSdcvhlO6VQVnhf,,,,,41.31709289550781,69.24940490722656,anonymous,EN,2,0,100,0,0,0,,3,4,4,3,5,4,1,"0,50$",0.50$,0.20$,0.20$,5$,5$,4,4,3,3,5,,62,63,53,67,70,35,55,10,0,0,4,2,3,4,2,30,0,0,70,0,,3,62,6,4,3,4,3,3,1,1,3,,24,2,4,1,,,1,Uzbekistan,4,1
2019-11-05 10:26:06,2019-11-05 10:37:30,0,37.110.210.215,100,684,1,2019-11-05 10:37:30,R_20TFLakmJn62fJD,,,,,41.31709289550781,69.24940490722656,anonymous,EN,2,10,50,20,20,0,,2,4,2,3,4,4,4,5€,€5,€3,€2,€10,€10,5,5,3,2,6,,40,57,100,71,100,50,10,20,10,10,6,2,3,6,2,60,0,40,0,0,,3,52,4,3,2,4,2,5,3,2,4,,25,2,4,1,,,1,,4,1
2019-11-05 10:29:05,2019-11-05 10:39:35,0,82.215.80.48,100,629,1,2019-11-05 10:39:35,R_2P0yBZGJAim1Dwl,,,,,41,64,anonymous,EN,2,0,90,10,0,0,,2,4,2,2,5,2,2,2$,5$,2$,5$,7$,10$,4,2,2,5,4,,21,16,8,10,94,50,0,50,0,0,4,2,1,6,1,0,0,30,70,0,,2,2,2,2,2,3,1,5,1,1,1,,30,2,5,1,,,1,Uzbekistan,3,1
2019-11-05 10:32:23,2019-11-05 10:43:03,0,213.47.21.93,100,639,1,2019-11-05 10:43:03,R_3oR9cVGPJZScLOq,,,,,48.25830078125,16.33770751953125,anonymous,EN,3,60,40,0,0,0,,4,2,2,3,6,4,6,3.00,3,2,2,"4,5",5,5,6,5,2,5,,64,27,68,83,39,15,5,70,10,0,4,5,5,5,3,0,0,80,20,0,,4,70,6,5,2,4,3,4,4,5,,4,23,2,4,1,,,1,Portu,3,1
2019-11-05 10:40:33,2019-11-05 10:47:48,0,208.71.27.102,100,435,1,2019-11-05 10:47:49,R_2z6j78sy5wjOU7I,,,,,32.7615966796875,-117.20579528808594,anonymous,EN,2,0,100,0,0,0,,6,3,4,5,4,4,6,10 USD,15 USD,3 USD,5 USD,9 USD,12 USD,6,6,6,1,6,,51,78,79,88,38,55,20,10,15,0,5,5,5,4,2,0,5,40,55,0,,4,56,5,6,1,2,4,4,3,5,,4,18,2,2,1,,,1,USA,2,1
2019-11-05 10:57:26,2019-11-05 11:08:17,0,98.235.63.100,100,651,1,2019-11-05 11:08:18,R_ZEICuNRuoIpfZwl,,,,,40.29949951171875,-76.58679962158203,anonymous,EN,3,0,10,0,0,90,Small family owned market,4,4,3,3,4,4,5,$4,$4.50,$2.50,$3.50,$7,$8.50,6,5,5,1,5,,15,100,100,100,100,20,10,60,10,0,2,3,2,5,4,0,0,80,20,0,,4,33,3,4,1,2,3,5,3,3,3,,53,2,6,5,,,1,USA,1,1
2019-11-05 11:04:00,2019-11-05 11:13:20,0,81.217.61.111,100,560,1,2019-11-05 11:13:21,R_ps02ZnK1TpehmY9,,,,,48.38330078125,16.216705322265625,anonymous,EN,2,30,70,0,0,0,,4,5,5,4,5,5,6,"00,70€","01,00€","00,80€","01,00€","12,00€","20,00€",5,5,4,2,4,,40,50,30,70,51,50,25,10,5,10,4,5,4,3,3,80,0,10,10,0,,3,40,5,6,1,2,3,3,3,2,3,,25,2,2,2,1,,,,2,1
2019-11-05 12:10:15,2019-11-05 12:17:40,0,207.110.32.200,100,444,1,2019-11-05 12:17:41,R_1dhrlrquecHm2xs,,,,,34.05439758300781,-118.24400329589844,anonymous,EN,2,30,40,20,0,10,,2,4,3,5,6,6,1,20,25,10,15,5,8,4,3,3,2,5,,30,11,61,33,80,20,10,50,10,10,4,3,2,5,1,20,10,10,50,10,,4,12,6,8,2,4,4,4,2,2,3,,46,1,4,2,,,1,Vietnam,5,1
2019-11-05 11:00:35,2019-11-05 12:21:54,0,107.77.203.172,100,4878,1,2019-11-05 12:21:54,R_3fqMR0LZoyuDfy4,,,,,38.83250427246094,-76.99800109863281,anonymous,EN,2,0,100,0,0,0,,4,4,2,4,5,2,4,$5,$5,$3,$3,$6,$6,4,4,4,5,6,,49,41,40,23,92,10,8,80,1,1,5,4,4,5,3,20,0,0,80,0,,3,24,5,5,1,1,2,2,2,2,2,,26,2,4,3,,,1,Usa,2,1
2019-11-05 12:23:06,2019-11-05 12:31:51,0,65.114.192.26,100,524,1,2019-11-05 12:31:51,R_vlbL7gpx1z9pdgB,,,,,39.612396240234375,-104.88040161132812,anonymous,EN,2,0,90,10,0,0,,5,4,4,5,5,5,6,2.00,3.00,3.00,4.00,5.00,7.00,5,5,5,2,5,,50,90,100,90,100,25,25,25,25,0,5,4,5,3,2,0,0,80,20,0,,5,35,5,8,1,2,4,4,3,1,3,,24,2,4,2,,,1,United States,2,1
2019-11-05 13:24:18,2019-11-05 13:33:59,0,89.146.79.148,100,580,1,2019-11-05 13:33:59,R_3nJLdA0UyQGtivZ,,,,,41.31669616699219,69.25,anonymous,EN,2,0,1,1,0,0,,3,5,2,2,5,2,3,1€,2€,50 cents,1€,5€,6€,5,4,4,2,2,,21,20,15,16,5,50,10,40,0,0,5,4,4,2,2,0,0,20,50,30,Friends,3,3,1,1,2,2,2,2,1,2,,2,25,2,4,1,,,1,Uzbekistan,3,1
2019-11-05 14:55:12,2019-11-05 15:02:18,0,91.157.52.56,100,425,1,2019-11-05 15:02:18,R_TikE8P5k3L0JLK9,,,,,60.19209289550781,24.971603393554688,anonymous,EN,4,0,100,0,0,0,,3,4,3,3,5,5,2,3.00,03.00,01.50,01.00,05.00,05.00,5,5,4,3,5,,70,60,70,70,75,100,50,100,45,30,5,5,6,4,3,0,0,100,50,70,Youtube,4,70,4,5,4,3,3,2,3,3,3,,23,2,4,2,,,1,Finland,1,1
2019-11-05 16:43:51,2019-11-05 16:53:13,0,103.244.102.242,100,562,1,2019-11-05 16:53:13,R_2WTCGckEsaFm0Yj,,,,,1.36669921875,103.79998779296875,anonymous,EN,2,0,100,0,0,0,,5,4,4,4,5,3,2,5.00,5.00,1.00,1'pp,10,10,4,5,5,5,5,,68,68,69,82,75,50,0,30,0,20,4,4,4,4,2,10,30,0,60,0,,4,61,5,8,5,5,5,5,4,4,,4,29,2,5,4,,,1,"Singapore ",6,1
2019-11-05 16:22:59,2019-11-05 17:05:10,0,1.55.86.48,100,2530,1,2019-11-05 17:05:10,R_2VlpSZjYuLPqIpq,,,,,21.031295776367188,105.85159301757812,anonymous,EN,4,0,40,60,0,0,,5,6,4,4,5,5,2,01.20,01.20,00.00,02.00,00.00,02.00,5,4,2,1,4,,10,40,0,60,50,70,20,5,4,1,2,4,3,3,2,30,0,0,70,0,,1,0,7,6,1,2,4,1,2,2,2,,50,1,4,2,,,1,Hanoi,4,1
2019-11-05 17:01:35,2019-11-05 17:14:17,0,123.16.36.202,100,762,1,2019-11-05 17:14:18,R_1LCKfEZov6mJbb2,,,,,21.031295776367188,105.85159301757812,anonymous,EN,2,0,20,80,0,0,,6,6,6,6,6,4,6,$ 4- 5,04.50,$2.00,$ 02.00,$ 04.00,$ 04.00,6,6,6,1,2,,90,100,100,70,70,10,10,50,30,0,3,3,5,2,3,30,10,30,30,0,,2,10,5,3,1,3,3,1,3,3,,4,46,2,5,1,,,1,Vietnam,7,1
2019-11-05 16:50:39,2019-11-05 17:27:35,0,59.153.254.107,100,2216,1,2019-11-05 17:27:35,R_1jcEAVT34yzjhyR,,,,,21.031295776367188,105.85159301757812,anonymous,EN,2,30,40,20,10,0,,3,5,5,3,5,5,5,250.000,250.000,20.000,25.000,300.000,320.000,5,5,5,4,5,,72,96,81,87,90,50,20,20,5,5,6,4,3,3,3,50,5,30,15,0,,4,83,8,8,3,3,2,3,2,3,,4,49,1,4,4,,,1,Vietnam,4,1
2019-11-05 19:21:42,2019-11-05 19:29:07,0,14.186.133.10,100,444,1,2019-11-05 19:29:08,R_12GcLzA7St6KCHX,,,,,10.814193725585938,106.643798828125,anonymous,EN,2,0,100,0,0,0,,5,5,5,5,5,5,5,"100,000 VND",100000,20000,20000,200000,200000,5,5,5,5,5,,84,100,100,100,100,100,100,100,100,100,5,5,5,4,4,20,0,100,100,0,,4,91,9,9,4,4,5,3,2,4,,2,45,2,4,4,,,1,Vietnam,5,1
2019-11-05 22:42:18,2019-11-05 22:47:14,0,220.116.33.113,100,295,1,2019-11-05 22:47:14,R_1puFiuRlNHuNGXt,,,,,37.59849548339844,126.97830200195312,anonymous,EN,2,0,100,0,0,0,,1,6,1,1,5,1,6,50,50,50,50,50,50,5,4,3,3,6,,50,25,50,100,75,50,0,50,0,0,5,5,5,3,2,0,0,0,100,0,,4,50,5,5,1,3,3,3,2,2,3,,22,1,4,1,,,1,Viet Nam,2,1
2019-11-06 01:41:35,2019-11-06 02:01:35,0,94.158.52.54,100,1200,1,2019-11-06 02:01:36,R_2rdqNiEl2TR8MuJ,,,,,41.31669616699219,69.25,anonymous,EN,4,0,90,10,0,0,,2,4,4,3,4,4,5,01.50,01.70,02.50,02.65,07.50,07.80,5,5,4,1,2,,100,100,100,100,30,60,30,10,0,0,2,2,2,4,4,30,0,0,70,0,,4,30,2,10,2,4,1,1,2,2,3,,50,2,5,2,,,1,,2,1
2019-11-06 02:52:04,2019-11-06 03:01:15,0,84.62.70.69,100,550,1,2019-11-06 03:01:15,R_3FKiPOd07Wbvv8j,,,,,50.91639709472656,6.807098388671875,anonymous,EN,2,90,10,0,0,0,,4,4,4,5,3,4,5,4.00,04.00€,01.00€,01.00€,00.00,"00.00€ ",5,5,4,2,4,,17,62,87,48,40,50,5,10,20,15,4,4,4,3,2,15,20,20,45,0,,3,49,4,4,1,3,2,3,3,3,,2,22,2,4,1,,1,,,3,1
2019-11-06 03:41:08,2019-11-06 03:54:51,0,171.255.73.62,100,822,1,2019-11-06 03:54:51,R_3CErYGI6OGUyszJ,,,,,21.031295776367188,105.85159301757812,anonymous,EN,2,0,90,10,0,0,,6,4,6,6,6,4,5,"80,000.00","90,000.00","10,000.00","12,000.00","200,000.00","220,000.00",6,6,5,1,5,,20,89,91,94,51,30,30,40,0,0,4,2,2,4,4,30,0,30,30,10,,4,26,8,8,4,3,5,4,4,4,,3,42,1,5,4,,,1,Vietnam,4,1
2019-11-06 04:55:32,2019-11-06 05:03:18,0,93.208.203.227,100,465,1,2019-11-06 05:03:18,R_3kbHFDFTvxQliDI,,,,,51.10820007324219,6.94830322265625,anonymous,EN,1,0,1,0,0,0,,4,3,4,4,6,4,6,2,"2,00","1,00","1,50","6,00","6,00",5,5,4,2,4,,53,60,21,43,35,40,10,40,5,5,2,4,4,2,3,20,20,50,10,0,,3,50,3,2,3,3,3,3,3,2,,2,23,2,5,1,,1,,,3,1
2019-11-06 05:38:56,2019-11-06 05:49:06,0,171.224.179.4,100,610,1,2019-11-06 05:49:06,R_2qwmJOfLvFaoHgH,,,,,21.031295776367188,105.85159301757812,anonymous,EN,4,0,0,0,0,0,,5,6,3,3,6,6,2,150000,150.000,100.000,100.000,100000,100.000,6,6,4,1,6,,83,91,82,100,100,100,100,80,10,50,1,1,1,5,4,0,0,100,100,0,,2,63,9,6,3,3,4,3,1,3,,3,45,2,4,5,,,1,Vietnam,4,1
2019-11-06 07:21:00,2019-11-06 07:32:05,0,59.153.241.39,100,665,1,2019-11-06 07:32:06,R_ZE8LpsFGzryFLuF,,,,,21.0312957763671875,105.851593017578125,anonymous,EN,1,0,80,0,20,0,,5,6,5,5,5,5,4,5,05.00,03.00,03.00,08.00,08.00,6,5,5,4,6,,40,100,100,100,100,60,20,10,5,5,4,3,4,5,3,15,5,40,40,0,,3,47,8,8,3,3,4,3,3,3,4,,40,1,5,4,,,1,Vietnam,7,1
2019-11-06 07:49:08,2019-11-06 08:04:31,0,117.5.217.144,100,922,1,2019-11-06 08:04:31,R_ylKOhWnX16CJlFD,,,,,21.0312957763671875,105.851593017578125,anonymous,EN,2,0,100,0,0,0,,4,5,3,5,3,3,3,100.000 đồng,$5,$10,$7,$5,$5,6,5,5,2,4,,60,76,79,85,85,20,30,20,5,25,4,4,4,4,3,0,0,100,0,0,,3,63,7,7,1,3,3,3,2,3,,3,45,2,4,2,,,1,,4,1
2019-11-06 09:23:25,2019-11-06 09:31:53,0,178.115.129.240,100,508,1,2019-11-06 09:31:54,R_9sG3Kvw29BuscaB,,,,,48.2154998779296875,16.3074951171875,anonymous,EN,2,49,50,0,1,0,,2,1,4,6,5,5,6,2.00,2.50,1.00,1.10,6.00,8.00,5,5,4,4,6,,23,70,84,90,100,50,10,25,5,10,4,6,5,2,3,5,2,30,43,20,Friends & Family,5,62,7,9,2,4,5,3,3,4,,4,27,2,5,3,1,,,,2,1
2019-11-06 11:52:02,2019-11-06 11:59:23,0,14.177.40.193,100,440,1,2019-11-06 11:59:23,R_3I05g4BVyDXdcwk,,,,,21.0312957763671875,105.851593017578125,anonymous,EN,2,0,100,0,0,0,,4,5,3,5,5,5,4,15.00,18.00,10.00,15.00,30.00,35.00,6,5,5,1,5,,42,40,44,46,52,40,20,30,5,5,4,4,4,4,4,5,5,20,70,0,,4,36,5,5,3,4,4,4,3,4,,4,41,1,4,5,,,1,Vietnam,6,1
2019-11-06 12:58:32,2019-11-06 13:02:50,1,,100,257,1,2019-11-06 13:02:50,R_3hcETZvhG4pZ1Po,,,,,48.1967926025390625,16.3191070556640625,preview,EN,3,40,60,0,0,0,,6,5,6,6,5,5,6,"2,50","3,50","1,99","2,50","4,50","6,50",6,6,5,1,1,,90,96,99,88,83,20,35,25,20,0,5,5,4,4,2,0,0,50,50,0,,3,50,7,5,1,3,3,2,3,3,3,,22,2,4,1,,1,,,1,1
2019-11-06 14:43:09,2019-11-06 14:57:55,1,,100,886,1,2019-11-06 14:57:56,R_1E41rF8eZwDyyl5,,,,,51.1082000732421875,6.94830322265625,preview,EN,1,0,0,0,0,0,,3,5,4,3,4,3,4,3,"3,5",2,"2,2",10,"12,5",4,5,4,3,3,,30,48,41,37,56,30,20,5,40,5,2,3,4,3,4,50,30,10,0,10,,4,80,6,7,2,3,4,3,3,3,,3,59,1,6,5,,1,,,2,1
2019-11-05 09:52:08,2019-11-06 15:02:56,0,178.189.242.204,100,105048,1,2019-11-06 15:02:56,R_2zjzFiytbU46HXu,,,,,48.1667022705078125,14.033294677734375,anonymous,EN,3,80,20,0,0,0,,5,4,4,4,5,4,6,"4,00","4,00","5,00","5,00",5.00,5.00,5,5,4,2,4,,48,47,63,20,81,70,5,20,5,0,4,4,5,3,2,0,0,0,80,20,radio,3,16,6,7,2,3,3,4,5,2,3,,25,2,3,1,1,,,,3,2
2019-11-06 15:12:51,2019-11-06 15:20:29,0,149.22.21.176,100,458,1,2019-11-06 15:20:29,R_3Dnpwtqgmzq1Th5,,,,,51.3332977294921875,0.466705322265625,anonymous,EN,2,0,100,0,0,0,,2,6,6,2,5,5,6,£2,£2,£2,£2,£3,£2,5,5,6,2,6,,67,84,87,97,88,50,0,50,0,0,5,5,5,2,2,0,0,0,100,0,,4,57,5,5,3,3,3,3,1,3,,2,40,2,5,5,,,1,,4,1
2019-11-06 16:52:00,2019-11-06 17:10:49,0,14.231.177.33,100,1128,1,2019-11-06 17:10:49,R_RakTrdBiWua1VFT,,,,,21.0312957763671875,105.851593017578125,anonymous,EN,2,5,60,35,0,0,,6,5,6,6,6,6,4,10.00,10.00,8.00,8.00,5.00,5.00,6,6,6,1,6,,73,71,75,100,73,50,20,10,0,20,4,3,4,3,3,30,10,50,10,0,,4,28,8,10,4,3,5,4,3,3,4,,46,1,5,1,,,1,Vietnam,5,1
2019-11-06 18:32:20,2019-11-06 18:44:37,0,172.58.238.240,100,736,1,2019-11-06 18:44:37,R_2rGyUU6IF9olMXo,,,,,40.788604736328125,-74.16339874267578125,anonymous,EN,3,20,30,50,0,0,,3,2,3,2,6,6,2,40000,50000,11000,11000,90000,100000,5,5,4,2,6,,40,85,87,89,51,30,20,40,0,10,2,5,4,3,2,0,20,40,40,0,,4,72,6,8,3,4,5,5,2,2,,2,45,2,5,2,,,1,,5,1
2019-11-07 02:47:40,2019-11-07 02:53:22,0,178.115.128.133,100,342,1,2019-11-07 02:53:23,R_3nftp3I9HVnlVAy,,,,,48.235595703125,16.319305419921875,anonymous,EN,1,20,70,10,0,0,,3,5,3,3,3,4,6,3.00,03.00,01.50,01.50,06.80,06.80,5,4,6,2,4,,47,82,83,60,50,40,10,40,10,0,5,4,5,5,2,10,0,50,40,0,,4,83,7,4,3,4,3,5,3,2,,4,21,2,2,1,1,,,,3,1
2019-11-07 11:46:12,2019-11-07 11:56:08,0,91.115.59.106,100,596,1,2019-11-07 11:56:08,R_6s7qr5zVMPWMUCd,,,,,48.1981964111328125,16.391693115234375,anonymous,EN,2,60,30,10,0,0,,5,3,5,5,4,5,6,2.80,2.80,3.00,3.00,6.00,6.00,5,6,5,2,4,,30,55,80,70,70,50,20,0,20,10,4,5,3,4,1,,0,10,40,50,Mitmenschen,5,20,2,9,1,2,2,4,5,4,3,,29,2,3,2,1,,,,2,1
2019-11-07 11:49:04,2019-11-07 11:59:15,0,193.171.26.74,100,610,1,2019-11-07 11:59:15,R_a4tdjLQENDdPAxX,,,,,48.2006072998046875,16.3672027587890625,anonymous,EN,3,10,50,40,0,0,,5,6,6,5,5,4,6,2.00,2.00,1.00,2.00,5.00,6.00,5,5,5,1,4,,90,100,100,100,45,30,30,30,0,10,4,6,5,2,4,0,10,80,10,0,,3,89,9,8,1,3,5,1,3,3,,5,19,2,3,1,1,,,,4,1
2019-11-07 11:56:25,2019-11-07 12:04:22,0,80.110.104.153,100,477,1,2019-11-07 12:04:23,R_3KTNjoP9oXcRiCs,,,,,48.2993927001953125,16.347900390625,anonymous,EN,1,0,0,0,0,0,,4,5,2,2,4,2,5,1,"1,00","0,50","0,50","4,00","6,00",5,4,3,2,4,,10,20,78,40,21,40,10,30,10,10,4,5,4,4,2,0,0,50,50,0,,4,28,0,6,1,1,1,1,1,2,,2,19,2,2,2,1,,,,4,1
2019-11-07 11:50:05,2019-11-07 12:06:57,0,77.16.50.211,100,1012,1,2019-11-07 12:06:57,R_3rTj8rNVVteYD0b,,,,,59.9499969482421875,10.75,anonymous,EN,4,0,50,0,0,50,Grocery Store,4,5,4,2,1,1,1,50.00 nok,60.00 nok,40.00 nok,50.00 nok,50.00 nok,60.00 nok,4,4,2,2,3,,40,40,30,80,70,40,15,15,10,20,4,4,4,4,4,0,0,30,30,40,"Glenn at work ",4,20,7,5,4,4,4,1,2,2,2,,28,1,4,4,,,1,"Norway ",1,1
2019-11-07 12:01:43,2019-11-07 12:07:51,0,137.208.177.95,100,368,1,2019-11-07 12:07:52,R_eo32v3bZ07Si93j,,,,,48.2006072998046875,16.3672027587890625,anonymous,EN,2,80,20,0,0,0,,4,4,3,4,3,5,6,2€,2€,3€,4€,8€,12€,4,5,5,1,6,,21,100,100,74,100,20,0,50,0,30,5,5,5,2,4,0,0,80,20,0,,5,100,5,1,5,5,3,1,3,5,5,,19,2,2,2,1,,,,5,2
2019-11-07 11:48:46,2019-11-07 12:10:05,0,178.113.98.224,100,1278,1,2019-11-07 12:10:05,R_24wK7kW3uBNjI6C,,,,,47.0500030517578125,10.649993896484375,anonymous,EN,2,70,5,0,5,20,Got Chicken & self made bread from my mother in-law,5,5,4,4,2,4,1,"2,99€","3,99",2.00€,"3,00€","7,00€","9,90€",6,6,6,4,2,,40,64,46,55,100,20,10,60,10,0,5,5,4,2,3,5,0,15,80,0,,5,40,6,10,1,4,4,5,4,4,1,,20,2,2,1,1,,,,"2 ",2
2019-11-07 11:58:03,2019-11-07 12:11:54,0,80.110.109.205,100,830,1,2019-11-07 12:11:55,R_2y9tT8jtUjqWkBu,,,,,48.2169036865234375,16.49969482421875,anonymous,EN,3,30,50,10,10,0,,6,4,5,4,6,3,6,3€,"03,50","02,50",02.50,06.00,06.00,5,5,4,1,5,,73,71,100,100,50,35,20,20,15,10,4,4,5,2,4,50,20,20,10,0,,4,80,4,1,3,5,2,3,3,4,,3,20,2,3,4,1,,,,4,1
2019-11-07 12:55:56,2019-11-07 13:02:33,0,81.217.54.127,100,396,1,2019-11-07 13:02:33,R_3s09GdcbYPb4FOl,,,,,48.1999969482421875,15.63330078125,anonymous,EN,2,0,2,0,0,0,,5,3,4,5,4,2,5,"1,50","1,50","3,50","3,50","4,50","4,50",6,6,4,2,5,,49,65,15,100,95,100,30,40,30,30,4,3,5,2,2,0,0,1,1,0,,2,40,3,6,1,4,3,3,3,3,,4,20,2,2,2,1,,,,5,2
2019-11-07 12:53:49,2019-11-07 13:05:30,0,80.110.118.57,100,701,1,2019-11-07 13:05:30,R_vH0KWDZpoRbOlxf,,,,,48.15350341796875,16.385498046875,anonymous,EN,2,50,50,0,0,0,,1,4,5,5,5,4,6,2.00,5.00,1.49,3.50,6.00,10.50,5,5,5,2,4,,67,70,100,46,90,50,20,10,10,10,4,2,2,5,2,10,20,20,50,0,,4,59,6,5,1,3,4,4,2,1,,3,20,2,2,1,1,,,,4,1
2019-11-07 12:56:07,2019-11-07 13:05:46,0,212.95.7.239,100,579,1,2019-11-07 13:05:46,R_1roDrdNDuYB2iQM,,,,,48.2169036865234375,16.49969482421875,anonymous,EN,2,0,80,0,20,0,,4,6,5,5,4,4,6,3€,5€,2€,3€,10€,15€,5,5,5,1,3,,77,84,100,88,49,80,10,5,5,0,4,5,5,2,3,0,0,50,50,0,,1,80,6,3,1,4,4,1,1,2,1,,20,2,2,1,1,,,,2,1
2019-11-07 14:01:40,2019-11-07 14:09:28,0,47.17.248.180,100,467,1,2019-11-07 14:09:28,R_1nNKoEVK98xf7xw,,,,,40.6446075439453125,-73.97429656982421875,anonymous,EN,2,0,100,0,0,0,,3,4,2,2,2,2,2,10.00,10.00,05.00,06.00,06.00,08.00,4,4,4,2,5,,10,20,10,10,100,50,0,50,0,0,2,2,4,3,2,0,0,50,0,50,Podcasts,3,11,3,1,1,1,2,1,1,1,1,,24,1,4,5,,,1,United States,2,1
2019-11-07 15:16:44,2019-11-07 15:22:55,0,89.144.220.246,100,370,1,2019-11-07 15:22:55,R_2S1vcQIyyZncxfB,,,,,48.1999969482421875,16.36669921875,anonymous,EN,2,0,100,0,0,0,,4,5,3,3,5,3,6,3,3,02.00€,02.00,00.00€,00.00€,5,3,3,3,4,,38,35,59,27,89,40,10,50,0,0,5,4,4,3,1,0,0,0,0,0,,2,46,4,2,3,4,3,2,2,2,2,,19,2,2,3,1,,,,6,1
2019-11-07 15:25:38,2019-11-07 15:34:10,0,78.104.184.42,100,512,1,2019-11-07 15:34:11,R_2rMiD9thTpYrRze,,,,,48.2169036865234375,16.49969482421875,anonymous,EN,3,0,100,0,0,0,,3,6,4,2,4,4,6,25.00,30.00,4.00,5.00,5.60,6.90,4,4,4,2,4,,60,40,60,35,100,0,0,100,0,0,2,4,2,5,4,0,,20,,80,"Social media, by following journalists and news outlets on twitter",1,100,3,2,2,2,1,1,2,1,2,,22,1,3,1,1,,,,1,1
2019-11-07 16:58:25,2019-11-07 17:05:06,0,213.162.73.244,100,401,1,2019-11-07 17:05:06,R_SWcQtQinu1VLJnz,,,,,47.4167022705078125,15.283294677734375,anonymous,EN,3,0,40,20,40,0,,4,6,5,4,6,5,6,04.00,04.00,02.20,3.00,05.00,07.00,5,6,6,1,5,,68,47,46,100,36,30,40,20,5,5,4,3,2,5,4,10,10,70,10,0,,5,67,9,7,4,4,5,3,4,3,3,,19,2,2,4,1,,,,4,1
2019-11-10 16:15:58,2019-11-10 16:40:03,0,95.222.239.191,100,1445,1,2019-11-10 16:40:04,R_7VykhRtrAxX8sh3,,,,,51.25689697265625,7.1504974365234375,anonymous,EN,2,0,100,0,0,0,,6,5,5,5,4,5,6,01.29,01.50,02.00,03.50,3.00,5.00,6,6,4,2,2,,62,72,70,80,80,30,20,20,30,0,5,5,5,3,2,50,0,0,50,0,,3,50,6,3,1,2,4,1,4,3,3,,24,2,3,1,,1,,,1,1
2019-11-01 02:25:04,2019-11-01 02:30:59,0,90.146.176.130,30,355,0,2019-11-11 06:44:57,R_2TMjw8CBGlLqKTJ,,,,,,,anonymous,EN,3,20,80,0,0,0,,5,5,4,5,5,5,5,2,2,2,2,,,,,,,,,,,,,,,,,,,,,,,,,,,,,,,,,,,,,,,,,,,,,,,,,,,
2019-11-01 03:09:05,2019-11-01 03:11:04,0,193.81.188.232,21,119,0,2019-11-11 06:44:57,R_27EfwTCcJHPlG4q,,,,,,,anonymous,EN,2,10,80,10,0,0,,4,3,5,5,2,2,5,1.20,1.20,,,,,,,,,,,,,,,,,,,,,,,,,,,,,,,,,,,,,,,,,,,,,,,,,,,,,
2019-10-31 05:33:27,2019-10-31 05:36:42,0,137.208.135.35,7,195,0,2019-11-11 06:44:57,R_z8uHjq8wgw89Eat,,,,,,,anonymous,EN,2,0,100,0,0,0,,,,,,,,,,,,,,,,,,,,,,,,,,,,,,,,,,,,,,,,,,,,,,,,,,,,,,,,,,,,,,,
2019-11-01 03:52:26,2019-11-01 03:54:06,0,217.149.170.112,16,100,0,2019-11-11 06:44:57,R_1luGvlMrmKPnQZD,,,,,,,anonymous,EN,2,0,100,0,0,0,,4,4,3,4,5,5,5,3€,,,,,,,,,,,,,,,,,,,,,,,,,,,,,,,,,,,,,,,,,,,,,,,,,,,,,,
2019-11-01 04:53:13,2019-11-01 04:55:37,0,80.110.97.32,16,144,0,2019-11-11 06:44:59,R_3mxQvQGeYV0mjRf,,,,,,,anonymous,EN,3,20,80,0,0,0,,5,2,5,5,4,4,6,"3,00",,,,,,,,,,,,,,,,,,,,,,,,,,,,,,,,,,,,,,,,,,,,,,,,,,,,,,
2019-11-01 04:11:59,2019-11-01 04:16:12,0,212.95.5.213,30,253,0,2019-11-11 06:44:58,R_1IuScYZ3OXhGlYw,,,,,,,anonymous,EN,2,55,30,15,0,0,,5,5,4,5,5,5,5,2.00,3.00,3.00,3.00,,,,,,,,,,,,,,,,,,,,,,,,,,,,,,,,,,,,,,,,,,,,,,,,,,,
2019-11-01 04:32:40,2019-11-01 04:34:27,0,213.142.96.171,16,106,0,2019-11-11 06:44:58,R_xmTghkCrrPUJNjb,,,,,,,anonymous,EN,2,0,100,0,0,0,,3,3,3,3,4,3,3,6,,,,,,,,,,,,,,,,,,,,,,,,,,,,,,,,,,,,,,,,,,,,,,,,,,,,,,
2019-11-01 04:44:57,2019-11-01 04:47:29,0,91.115.164.224,35,151,0,2019-11-11 06:44:59,R_VVxg1UDHXO2ryDv,,,,,,,anonymous,EN,2,0,100,0,0,0,,4,3,4,4,6,4,6,02.00,02.00,04.00,04.50,10.00,,,,,,,,,,,,,,,,,,,,,,,,,,,,,,,,,,,,,,,,,,,,,,,,,,
2019-11-01 05:45:30,2019-11-01 05:55:33,0,213.225.11.93,7,602,0,2019-11-11 06:45:00,R_3qkZn7uLMdI4BbX,,,,,,,anonymous,EN,2,0,20,10,50,20,Online,,,,,,,,,,,,,,,,,,,,,,,,,,,,,,,,,,,,,,,,,,,,,,,,,,,,,,,,,,,,,,
2019-11-01 04:59:21,2019-11-01 05:00:14,0,46.74.26.76,7,52,0,2019-11-11 06:45:00,R_3fJLBvGAYKUgJwQ,,,,,,,anonymous,EN,3,70,30,0,0,0,,,,,,,,,,,,,,,,,,,,,,,,,,,,,,,,,,,,,,,,,,,,,,,,,,,,,,,,,,,,,,,
2019-11-01 05:46:25,2019-11-01 05:48:00,0,192.164.135.191,7,94,0,2019-11-11 06:45:00,R_1pFgeH3fGb80LcR,,,,,,,anonymous,EN,2,0,40,20,40,0,,,,,,,,,,,,,,,,,,,,,,,,,,,,,,,,,,,,,,,,,,,,,,,,,,,,,,,,,,,,,,,
2019-11-01 05:49:12,2019-11-01 05:49:52,0,192.164.135.191,7,39,0,2019-11-11 06:45:01,R_21jRfkTISBvlgrf,,,,,,,anonymous,EN,2,0,25,25,50,0,,,,,,,,,,,,,,,,,,,,,,,,,,,,,,,,,,,,,,,,,,,,,,,,,,,,,,,,,,,,,,,
2019-11-01 08:05:09,2019-11-01 08:09:13,0,80.110.88.237,21,244,0,2019-11-11 06:45:01,R_1EiyNGhBh0WpFJO,,,,,,,anonymous,EN,2,0,90,10,0,0,,6,5,6,5,5,5,6,2.50,02.50,,,,,,,,,,,,,,,,,,,,,,,,,,,,,,,,,,,,,,,,,,,,,,,,,,,,,
2019-11-01 08:09:18,2019-11-01 08:11:23,0,80.110.88.237,26,124,0,2019-11-11 06:45:01,R_2Ylaz6AjmqRkuQd,,,,,,,anonymous,EN,2,0,90,10,0,0,,6,4,6,5,6,6,6,02.50,02.50,03.50,,,,,,,,,,,,,,,,,,,,,,,,,,,,,,,,,,,,,,,,,,,,,,,,,,,,
2019-11-01 08:24:01,2019-11-01 08:24:08,0,77.119.128.200,2,7,0,2019-11-11 06:45:02,R_1dMGmMnfRcU7RNq,,,,,,,anonymous,EN,,,,,,,,,,,,,,,,,,,,,,,,,,,,,,,,,,,,,,,,,,,,,,,,,,,,,,,,,,,,,,,,,,,,,
2019-11-01 09:31:05,2019-11-01 09:31:10,0,90.146.40.155,2,5,0,2019-11-11 06:45:02,R_1qh7W2QijX8di9b,,,,,,,anonymous,EN,,,,,,,,,,,,,,,,,,,,,,,,,,,,,,,,,,,,,,,,,,,,,,,,,,,,,,,,,,,,,,,,,,,,,
2019-11-01 02:52:03,2019-11-01 02:52:09,0,118.70.183.176,2,6,0,2019-11-11 06:45:02,R_RI7adsDMw4n9W3n,,,,,,,anonymous,EN,,,,,,,,,,,,,,,,,,,,,,,,,,,,,,,,,,,,,,,,,,,,,,,,,,,,,,,,,,,,,,,,,,,,,
2019-11-01 09:22:51,2019-11-01 09:22:55,0,178.165.129.54,2,3,0,2019-11-11 06:45:02,R_1IjaXzJTKgrpjs5,,,,,,,anonymous,EN,,,,,,,,,,,,,,,,,,,,,,,,,,,,,,,,,,,,,,,,,,,,,,,,,,,,,,,,,,,,,,,,,,,,,
2019-11-01 10:19:16,2019-11-01 10:24:31,0,46.125.250.90,26,315,0,2019-11-11 06:45:03,R_UfKQF1gvyklI4Vj,,,,,,,anonymous,EN,2,40,60,0,0,0,,4,5,4,3,5,5,6,"04,99",04.99,02.29,,,,,,,,,,,,,,,,,,,,,,,,,,,,,,,,,,,,,,,,,,,,,,,,,,,,
2019-11-02 11:18:18,2019-11-02 11:26:05,0,213.162.73.27,81,466,0,2019-11-11 06:45:03,R_yO7KkwdePV5ZaKd,,,,,,,anonymous,EN,3,80,20,0,0,0,,3,5,5,4,3,2,6,02.00,2.00,0.50,0.50,5.00,5.00,4,4,2,3,3,,27,33,81,13,70,10,10,70,10,0,4,6,6,2,2,0,0,0,70,30,radio,4,48,9,7,3,2,4,4,2,2,,,,,,,,,,,,
2019-11-01 04:16:31,2019-11-01 16:02:39,0,178.115.128.248,2,42367,0,2019-11-11 06:45:03,R_10vdzSGRKtCVPvm,,,,,,,anonymous,EN,,,,,,,,,,,,,,,,,,,,,,,,,,,,,,,,,,,,,,,,,,,,,,,,,,,,,,,,,,,,,,,,,,,,,
2019-11-02 07:39:39,2019-11-02 07:40:14,0,80.110.107.24,2,35,0,2019-11-11 06:45:03,R_AiEof5NGQpKgcNj,,,,,,,anonymous,EN,,,,,,,,,,,,,,,,,,,,,,,,,,,,,,,,,,,,,,,,,,,,,,,,,,,,,,,,,,,,,,,,,,,,,
2019-11-02 11:19:08,2019-11-02 11:28:58,0,82.218.36.236,35,590,0,2019-11-11 06:45:03,R_1nZmDtIole5nND6,,,,,,,anonymous,EN,3,20,60,20,0,0,,5,2,1,4,5,3,5,2€,"2,5€","1,50€","1,60€","7,00€",,,,,,,,,,,,,,,,,,,,,,,,,,,,,,,,,,,,,,,,,,,,,,,,,,
2019-11-02 11:22:53,2019-11-02 11:24:58,0,213.162.73.4,21,124,0,2019-11-11 06:45:04,R_3JEJaZ5YQgce37R,,,,,,,anonymous,EN,2,0,100,0,0,0,,4,5,4,2,2,4,6,02.00,02.00,,,,,,,,,,,,,,,,,,,,,,,,,,,,,,,,,,,,,,,,,,,,,,,,,,,,,
2019-11-02 11:29:15,2019-11-02 11:29:20,0,82.218.36.236,2,5,0,2019-11-11 06:45:04,R_2f8Nw8GF62rvskE,,,,,,,anonymous,EN,,,,,,,,,,,,,,,,,,,,,,,,,,,,,,,,,,,,,,,,,,,,,,,,,,,,,,,,,,,,,,,,,,,,,
2019-11-03 18:55:24,2019-11-03 18:55:31,0,115.75.188.188,2,6,0,2019-11-11 06:45:05,R_1pKItAh4ucWHofP,,,,,,,anonymous,EN,,,,,,,,,,,,,,,,,,,,,,,,,,,,,,,,,,,,,,,,,,,,,,,,,,,,,,,,,,,,,,,,,,,,,
2019-11-02 12:15:37,2019-11-02 12:15:40,0,212.95.8.135,2,2,0,2019-11-11 06:45:05,R_1fZAlrW0e0Hd4o6,,,,,,,anonymous,EN,,,,,,,,,,,,,,,,,,,,,,,,,,,,,,,,,,,,,,,,,,,,,,,,,,,,,,,,,,,,,,,,,,,,,
2019-11-02 12:41:39,2019-11-02 13:28:15,0,130.180.24.134,2,2795,0,2019-11-11 06:45:05,R_1gqMX26CyGo6dBK,,,,,,,anonymous,EN,,,,,,,,,,,,,,,,,,,,,,,,,,,,,,,,,,,,,,,,,,,,,,,,,,,,,,,,,,,,,,,,,,,,,
2019-11-03 01:38:44,2019-11-03 01:41:11,0,109.41.192.224,16,147,0,2019-11-11 06:45:06,R_x9OcjhOC5BW32G5,,,,,,,anonymous,EN,2,80,20,0,0,0,,4,3,4,4,4,3,6,"1,90",,,,,,,,,,,,,,,,,,,,,,,,,,,,,,,,,,,,,,,,,,,,,,,,,,,,,,
2019-11-03 07:27:27,2019-11-03 07:27:30,0,193.171.26.74,2,3,0,2019-11-11 06:45:06,R_232zsBNsbs2ugfi,,,,,,,anonymous,EN,,,,,,,,,,,,,,,,,,,,,,,,,,,,,,,,,,,,,,,,,,,,,,,,,,,,,,,,,,,,,,,,,,,,,
2019-11-03 00:27:48,2019-11-03 00:28:12,0,178.191.6.166,16,23,0,2019-11-11 06:45:06,R_27JyYouM7zzBr3o,,,,,,,anonymous,EN,4,0,0,0,0,0,,6,6,6,6,6,6,6,2.00,,,,,,,,,,,,,,,,,,,,,,,,,,,,,,,,,,,,,,,,,,,,,,,,,,,,,,
2019-11-03 12:59:08,2019-11-03 13:03:34,0,212.95.7.240,40,265,0,2019-11-11 06:45:07,R_512YzB6elHBjVst,,,,,,,anonymous,EN,2,0,100,0,0,0,,6,5,6,6,4,4,6,02.50,Error picture,No picture (I use a phone for survey),No picture (I use a phone for survey),No picture (I use a phone for survey),No picture (I use a phone for survey),,,,,,,,,,,,,,,,,,,,,,,,,,,,,,,,,,,,,,,,,,,,,,,,,
2019-11-03 08:00:56,2019-11-03 08:03:14,0,89.15.238.41,26,138,0,2019-11-11 06:45:07,R_3MKclWmbROJJ2Gv,,,,,,,anonymous,EN,3,0,100,0,0,0,,4,5,5,4,6,5,6,3.00,3.00,2.00,,,,,,,,,,,,,,,,,,,,,,,,,,,,,,,,,,,,,,,,,,,,,,,,,,,,
2019-11-03 18:55:56,2019-11-03 18:55:59,8,115.75.188.188,2,3,0,2019-11-11 06:45:07,R_2YtzCZaaaMngR0o,,,,,,,anonymous,EN,,,,,,,,,,,,,,,,,,,,,,,,,,,,,,,,,,,,,,,,,,,,,,,,,,,,,,,,,,,,,,,,,,,,,
2019-11-05 11:55:23,2019-11-05 12:09:44,0,207.110.32.200,2,860,0,2019-11-11 06:45:07,R_6yhSWWl8RNOnizn,,,,,,,anonymous,EN,,,,,,,,,,,,,,,,,,,,,,,,,,,,,,,,,,,,,,,,,,,,,,,,,,,,,,,,,,,,,,,,,,,,,
2019-11-05 06:45:00,2019-11-05 06:49:17,0,77.119.131.67,30,257,0,2019-11-11 06:45:07,R_2ANf6o8j5WHZdJa,,,,,,,anonymous,EN,2,30,50,20,0,0,,5,4,5,5,6,6,4,06.50,10.00,04.50,07.50,,,,,,,,,,,,,,,,,,,,,,,,,,,,,,,,,,,,,,,,,,,,,,,,,,,
2019-11-05 09:20:48,2019-11-05 09:30:02,0,212.95.5.83,86,554,0,2019-11-11 06:45:08,R_2EH3X0d4WdjTGCE,,,,,,,anonymous,EN,3,2,1,0,0,0,,5,4,5,5,4,5,6,02.50,3.00,02.00,3.00,12.00,18.00,6,5,5,2,5,,38,74,100,74,92,40,10,40,10,0,4,5,4,3,4,1,0,2,0,0,,4,53,1,3,1,3,3,3,3,3,,2,,,,,,,,,,
2019-11-05 08:40:47,2019-11-05 08:50:38,0,109.252.93.122,67,591,0,2019-11-11 06:45:08,R_27gpCvyoGefuGb8,,,,,,,anonymous,EN,3,10,80,10,0,0,,2,4,2,2,5,4,5,2,02.00,00.50,00.50,04.00,04.00,6,5,5,4,5,,85,40,45,18,87,55,5,40,0,0,4,2,2,3,3,10,0,90,0,0,,4,62,,,,,,,,,,,,,,,,,,,,
2019-11-05 09:23:06,2019-11-05 09:23:44,0,213.225.32.112,8,38,0,2019-11-11 06:45:08,R_ZI5QaqyyBdzsi8V,,,,,,,anonymous,EN,2,0,100,0,0,0,,4,3,4,4,4,4,6,,,,,,,,,,,,,,,,,,,,,,,,,,,,,,,,,,,,,,,,,,,,,,,,,,,,,,,
2019-11-05 09:23:44,2019-11-05 09:27:03,0,89.146.92.118,6,199,0,2019-11-11 06:45:08,R_1MMabg4DdGFNGEh,,,,,,,anonymous,EN,3,0,80,20,0,0,,,,,,,,,,,,,,,,,,,,,,,,,,,,,,,,,,,,,,,,,,,,,,,,,,,,,,,,,,,,,,,
2019-11-05 09:28:17,2019-11-05 09:28:19,0,89.146.92.118,2,2,0,2019-11-11 06:45:09,R_31GC2Rc21J4KIcP,,,,,,,anonymous,EN,,,,,,,,,,,,,,,,,,,,,,,,,,,,,,,,,,,,,,,,,,,,,,,,,,,,,,,,,,,,,,,,,,,,,
2019-11-05 10:30:22,2019-11-05 10:34:31,0,213.147.160.92,47,249,0,2019-11-11 06:45:10,R_3knpALW3zIjruA3,,,,,,,anonymous,EN,2,0,100,0,0,0,,5,5,5,5,4,4,3,"2,89",02.89,00.99,00.99,07.99,00.25,,,,,,,,,,,,,,,,,,,,,,,,,,,,,,,,,,,,,,,,,,,,,,,,,
2019-11-05 06:52:08,2019-11-05 07:59:46,0,42.112.170.10,30,4057,0,2019-11-11 06:45:09,R_3HIFtnTlcAuh9Hb,,,,,,,anonymous,EN,2,0,1,3,0,0,,5,5,4,5,6,6,5,80.000 vnd,85.000 vnd,0,0,,,,,,,,,,,,,,,,,,,,,,,,,,,,,,,,,,,,,,,,,,,,,,,,,,,
2019-11-05 09:29:02,2019-11-05 09:32:02,0,89.146.92.118,10,179,0,2019-11-11 06:45:10,R_3j2kz9s6UyQHS8K,,,,,,,anonymous,EN,3,0,80,20,0,0,,3,5,4,4,5,5,5,,,,,,,,,,,,,,,,,,,,,,,,,,,,,,,,,,,,,,,,,,,,,,,,,,,,,,,
2019-11-05 13:04:13,2019-11-05 13:12:27,0,185.54.209.159,22,493,0,2019-11-11 06:45:10,R_2alFsSkmIYngKnd,,,,,,,anonymous,EN,2,5,35,40,20,0,,6,5,6,6,6,6,6,02.50,02.50,,,,,,,,,,,,,,,,,,,,,,,,,,,,,,,,,,,,,,,,,,,,,,,,,,,,,
2019-11-05 10:48:14,2019-11-05 10:59:12,0,213.147.161.100,10,658,0,2019-11-11 06:45:10,R_9FF0Cb0g1nja7Jv,,,,,,,anonymous,EN,2,0,100,0,0,0,,6,5,6,6,4,4,6,,,,,,,,,,,,,,,,,,,,,,,,,,,,,,,,,,,,,,,,,,,,,,,,,,,,,,,
2019-11-06 16:31:02,2019-11-06 16:31:06,0,193.171.26.78,2,3,0,2019-11-11 06:45:11,R_b7wesIJYskOsvK1,,,,,,,anonymous,EN,,,,,,,,,,,,,,,,,,,,,,,,,,,,,,,,,,,,,,,,,,,,,,,,,,,,,,,,,,,,,,,,,,,,,
2019-11-07 11:48:40,2019-11-07 11:48:57,0,77.16.50.211,2,17,0,2019-11-11 06:45:11,R_2f82oJzwdN3hc8G,,,,,,,anonymous,EN,,,,,,,,,,,,,,,,,,,,,,,,,,,,,,,,,,,,,,,,,,,,,,,,,,,,,,,,,,,,,,,,,,,,,
2019-11-05 06:55:25,2019-11-05 07:05:20,0,183.81.97.11,47,595,0,2019-11-11 06:45:11,R_0eprfOCzjwuTGSZ,,,,,,,anonymous,EN,2,0,80,100,0,0,,4,5,5,5,5,5,4,30.000 vnd,60.000 vnd,15.000 vnd,30.000 vnd,100.000 vnd,200.000 vnd,5,5,5,3,5,,60,,,,,,,,,,,,,,,,,,,,,,,,,,,,,,,,,,,,,,,,,,
2019-11-07 11:56:01,2019-11-07 11:56:04,0,80.110.97.175,2,2,0,2019-11-11 06:45:11,R_2X7Or5gunIYXnUe,,,,,,,anonymous,EN,,,,,,,,,,,,,,,,,,,,,,,,,,,,,,,,,,,,,,,,,,,,,,,,,,,,,,,,,,,,,,,,,,,,,
2019-11-07 11:46:41,2019-11-07 11:46:44,0,46.125.249.82,2,2,0,2019-11-11 06:45:11,R_yra8MEwM4cLTiGR,,,,,,,anonymous,EN,,,,,,,,,,,,,,,,,,,,,,,,,,,,,,,,,,,,,,,,,,,,,,,,,,,,,,,,,,,,,,,,,,,,,
2019-11-07 11:47:19,2019-11-07 11:49:27,0,212.95.7.239,16,128,0,2019-11-11 06:45:11,R_W7dEsB8sLTgKByx,,,,,,,anonymous,EN,2,0,80,0,20,0,,4,6,5,5,4,5,6,6€,,,,,,,,,,,,,,,,,,,,,,,,,,,,,,,,,,,,,,,,,,,,,,,,,,,,,,
2019-11-07 17:18:16,2019-11-07 17:18:20,0,193.81.249.193,2,4,0,2019-11-11 06:45:13,R_263V7kqtn34vZxF,,,,,,,anonymous,EN,,,,,,,,,,,,,,,,,,,,,,,,,,,,,,,,,,,,,,,,,,,,,,,,,,,,,,,,,,,,,,,,,,,,,
2019-11-07 13:19:15,2019-11-07 13:20:35,0,194.166.30.88,8,79,0,2019-11-11 06:45:13,R_1FtutgUIcqlG1Nc,,,,,,,anonymous,EN,4,0,1,0,0,0,,6,5,4,6,5,5,5,,,,,,,,,,,,,,,,,,,,,,,,,,,,,,,,,,,,,,,,,,,,,,,,,,,,,,,
2019-11-07 13:07:32,2019-11-07 13:07:50,0,80.110.107.93,6,18,0,2019-11-11 06:45:12,R_3kqb8bPeu8xGpU7,,,,,,,anonymous,EN,3,0,0,0,0,0,,,,,,,,,,,,,,,,,,,,,,,,,,,,,,,,,,,,,,,,,,,,,,,,,,,,,,,,,,,,,,,
2019-11-07 13:34:44,2019-11-07 13:36:13,0,178.165.129.150,8,89,0,2019-11-11 06:45:13,R_25ZydiqnfdtyPH0,,,,,,,anonymous,EN,3,30,70,0,0,0,,5,3,4,5,4,4,6,,,,,,,,,,,,,,,,,,,,,,,,,,,,,,,,,,,,,,,,,,,,,,,,,,,,,,,
2019-11-08 12:24:08,2019-11-08 12:24:58,0,89.144.211.169,6,50,0,2019-11-11 06:45:13,R_V222AIyZdInI97X,,,,,,,anonymous,EN,2,30,60,10,0,0,,,,,,,,,,,,,,,,,,,,,,,,,,,,,,,,,,,,,,,,,,,,,,,,,,,,,,,,,,,,,,,
2019-11-05 07:03:37,2019-11-05 07:06:32,0,27.79.226.194,26,175,0,2019-11-11 06:45:13,R_25Bi9nTCydcG6iZ,,,,,,,anonymous,EN,2,0,50,0,0,50,Small grocery store,4,5,4,4,3,4,3,02.00,02.00,01.00,,,,,,,,,,,,,,,,,,,,,,,,,,,,,,,,,,,,,,,,,,,,,,,,,,,,
2019-11-05 12:15:53,2019-11-05 12:20:35,0,208.71.27.112,16,282,0,2019-11-11 06:45:14,R_3Hp1921P4kMoKr3,,,,,,,anonymous,EN,2,20,80,0,0,0,,4,4,4,4,5,4,6,"4 euros, very willing",,,,,,,,,,,,,,,,,,,,,,,,,,,,,,,,,,,,,,,,,,,,,,,,,,,,,,
2019-11-01 13:50:21,2019-11-01 13:52:13,0,50.236.39.242,21,112,0,2019-11-11 06:45:14,R_sL1VKOeUq4uipMd,,,,,,,anonymous,EN,2,10,70,20,0,0,,2,2,3,3,5,5,6,"5,50","5,50",,,,,,,,,,,,,,,,,,,,,,,,,,,,,,,,,,,,,,,,,,,,,,,,,,,,,
2019-11-05 07:39:06,2019-11-05 07:43:07,0,183.81.97.232,10,240,0,2019-11-11 06:45:16,R_BVf1CSWoXrRmNzz,,,,,,,anonymous,EN,3,0,50,90,0,0,,2,5,3,4,5,4,2,,,,,,,,,,,,,,,,,,,,,,,,,,,,,,,,,,,,,,,,,,,,,,,,,,,,,,,
2019-11-05 07:49:55,2019-11-05 07:55:49,0,27.79.222.33,6,354,0,2019-11-11 06:45:18,R_3jVBG61Okt0gCIa,,,,,,,anonymous,EN,1,30,50,10,10,0,,,,,,,,,,,,,,,,,,,,,,,,,,,,,,,,,,,,,,,,,,,,,,,,,,,,,,,,,,,,,,,
2019-11-05 15:56:58,2019-11-05 15:58:17,0,113.20.99.136,6,79,0,2019-11-11 06:45:20,R_3IcUl1QXlPutJn0,,,,,,,anonymous,EN,3,0,80,20,0,0,,,,,,,,,,,,,,,,,,,,,,,,,,,,,,,,,,,,,,,,,,,,,,,,,,,,,,,,,,,,,,,
2019-11-05 16:43:52,2019-11-05 16:44:00,0,14.231.220.15,2,7,0,2019-11-11 06:45:22,R_2dQIgdTeoKcnsCl,,,,,,,anonymous,EN,,,,,,,,,,,,,,,,,,,,,,,,,,,,,,,,,,,,,,,,,,,,,,,,,,,,,,,,,,,,,,,,,,,,,
2019-11-01 02:08:47,2019-11-01 02:19:28,0,178.115.128.248,42,641,0,2019-11-11 06:45:23,R_tKypTc6cPMRiuyJ,,,,,,,anonymous,EN,4,25,70,5,0,0,,4,5,3,2,1,3,6,2.50,3,2,3,6,7,5,4,4,3,4,,,,,,,,,,,,,,,,,,,,,,,,,,,,,,,,,,,,,,,,,,,,
2019-11-05 17:32:55,2019-11-05 17:33:31,0,42.119.63.74,2,35,0,2019-11-11 06:45:24,R_2V7KGLh9BbUzdUy,,,,,,,anonymous,EN,,,,,,,,,,,,,,,,,,,,,,,,,,,,,,,,,,,,,,,,,,,,,,,,,,,,,,,,,,,,,,,,,,,,,
2019-11-01 02:10:42,2019-11-01 05:30:29,8,77.119.128.200,2,11986,0,2019-11-11 06:45:25,R_3NyubBPY2ivPnpE,,,,,,,anonymous,EN,,,,,,,,,,,,,,,,,,,,,,,,,,,,,,,,,,,,,,,,,,,,,,,,,,,,,,,,,,,,,,,,,,,,,
2019-11-05 17:39:38,2019-11-05 18:23:51,0,59.153.243.72,16,2653,0,2019-11-11 06:45:26,R_1gFvP2EKjwfXV3n,,,,,,,anonymous,EN,4,0,80,0,0,0,,4,5,4,4,5,4,2,90.000,,,,,,,,,,,,,,,,,,,,,,,,,,,,,,,,,,,,,,,,,,,,,,,,,,,,,,
2019-11-01 02:16:41,2019-11-01 02:22:06,0,62.46.45.174,21,325,0,2019-11-11 06:45:27,R_3fiYe3HPy13RXO5,,,,,,,anonymous,EN,3,2,1,1,0,0,,4,5,4,6,4,4,6,"02,00","2,00",,,,,,,,,,,,,,,,,,,,,,,,,,,,,,,,,,,,,,,,,,,,,,,,,,,,,
2019-11-05 17:58:08,2019-11-05 17:58:14,0,103.199.71.117,2,5,0,2019-11-11 06:45:29,R_2ZVPmAhvu05BRTL,,,,,,,anonymous,EN,,,,,,,,,,,,,,,,,,,,,,,,,,,,,,,,,,,,,,,,,,,,,,,,,,,,,,,,,,,,,,,,,,,,,
2019-11-01 02:18:11,2019-11-01 02:18:18,0,213.162.73.234,2,6,0,2019-11-11 06:45:28,R_1QhbEckWAZrOgQt,,,,,,,anonymous,EN,,,,,,,,,,,,,,,,,,,,,,,,,,,,,,,,,,,,,,,,,,,,,,,,,,,,,,,,,,,,,,,,,,,,,
2019-11-05 19:25:59,2019-11-05 19:26:01,0,59.153.240.63,2,2,0,2019-11-11 06:45:30,R_2RVUrEES1ALVa81,,,,,,,anonymous,EN,,,,,,,,,,,,,,,,,,,,,,,,,,,,,,,,,,,,,,,,,,,,,,,,,,,,,,,,,,,,,,,,,,,,,
2019-11-05 19:15:16,2019-11-05 19:19:00,0,59.153.240.63,41,224,0,2019-11-11 06:45:30,R_1oEYWDIm2ZP8lw4,,,,,,,anonymous,EN,2,0,2,0,0,0,,2,1,4,3,5,4,3,200k,200,100k,"0,5","0,2",,,,,,,,,,,,,,,,,,,,,,,,,,,,,,,,,,,,,,,,,,,,,,,,,,
2019-11-05 19:46:32,2019-11-05 19:48:32,0,113.190.19.213,2,119,0,2019-11-11 06:45:30,R_2cc5pmcThMOD1pm,,,,,,,anonymous,EN,,,,,,,,,,,,,,,,,,,,,,,,,,,,,,,,,,,,,,,,,,,,,,,,,,,,,,,,,,,,,,,,,,,,,
2019-11-01 02:33:43,2019-11-01 02:33:59,0,193.148.18.30,2,16,0,2019-11-11 06:45:30,R_VPakFLhOSXjUVsB,,,,,,,anonymous,EN,,,,,,,,,,,,,,,,,,,,,,,,,,,,,,,,,,,,,,,,,,,,,,,,,,,,,,,,,,,,,,,,,,,,,
2019-11-05 19:49:32,2019-11-05 19:49:35,0,59.153.240.219,2,3,0,2019-11-11 06:45:30,R_3PaBDmvPa9pzIQ6,,,,,,,anonymous,EN,,,,,,,,,,,,,,,,,,,,,,,,,,,,,,,,,,,,,,,,,,,,,,,,,,,,,,,,,,,,,,,,,,,,,
2019-11-01 04:22:03,2019-11-01 04:22:25,0,88.116.126.162,2,21,0,2019-11-11 06:45:31,R_2c1w0OM8aRYE47p,,,,,,,anonymous,EN,,,,,,,,,,,,,,,,,,,,,,,,,,,,,,,,,,,,,,,,,,,,,,,,,,,,,,,,,,,,,,,,,,,,,
2019-11-05 21:32:41,2019-11-05 22:15:16,0,14.160.52.93,6,2554,0,2019-11-11 06:45:31,R_1LCLRkkEhGXRaLk,,,,,,,anonymous,EN,3,5,40,40,15,0,,,,,,,,,,,,,,,,,,,,,,,,,,,,,,,,,,,,,,,,,,,,,,,,,,,,,,,,,,,,,,,
2019-11-01 02:40:48,2019-11-01 02:46:01,0,213.162.73.140,26,312,0,2019-11-11 06:45:31,R_3lRcuHKJlHhKLnj,,,,,,,anonymous,EN,2,30,40,30,0,0,,4,2,5,4,5,5,6,2.99,02.99,02.49,,,,,,,,,,,,,,,,,,,,,,,,,,,,,,,,,,,,,,,,,,,,,,,,,,,,
2019-11-01 03:31:39,2019-11-01 03:31:53,0,178.191.6.166,2,13,0,2019-11-11 06:45:31,R_1pQeKDSlbLlx5o1,,,,,,,anonymous,EN,,,,,,,,,,,,,,,,,,,,,,,,,,,,,,,,,,,,,,,,,,,,,,,,,,,,,,,,,,,,,,,,,,,,,
2019-11-06 03:01:32,2019-11-06 03:04:20,0,14.231.185.216,10,167,0,2019-11-11 06:45:31,R_2wucIaVMkdQ9nmX,,,,,,,anonymous,EN,3,0,2,0,0,2,Organic shops,4,5,6,6,5,4,6,,,,,,,,,,,,,,,,,,,,,,,,,,,,,,,,,,,,,,,,,,,,,,,,,,,,,,,
2019-11-01 06:00:00,2019-11-01 06:06:24,8,178.191.6.166,2,383,0,2019-11-11 06:45:31,R_s56fLDFDJLEXP8t,,,,,,,anonymous,EN,,,,,,,,,,,,,,,,,,,,,,,,,,,,,,,,,,,,,,,,,,,,,,,,,,,,,,,,,,,,,,,,,,,,,
2019-11-01 05:43:38,2019-11-01 05:46:25,0,192.164.135.191,7,166,0,2019-11-11 06:45:31,R_305Kf2Y8czBnsRf,,,,,,,anonymous,EN,2,0,0,0,0,0,,,,,,,,,,,,,,,,,,,,,,,,,,,,,,,,,,,,,,,,,,,,,,,,,,,,,,,,,,,,,,,
2019-11-01 08:26:44,2019-11-01 08:26:48,0,89.144.213.107,2,4,0,2019-11-11 06:45:31,R_1ib00CxupyDptQI,,,,,,,anonymous,EN,,,,,,,,,,,,,,,,,,,,,,,,,,,,,,,,,,,,,,,,,,,,,,,,,,,,,,,,,,,,,,,,,,,,,
2019-11-06 04:56:48,2019-11-06 04:56:57,0,113.185.46.172,2,9,0,2019-11-11 06:45:31,R_22Px6NFd6PThVfR,,,,,,,anonymous,EN,,,,,,,,,,,,,,,,,,,,,,,,,,,,,,,,,,,,,,,,,,,,,,,,,,,,,,,,,,,,,,,,,,,,,
2019-11-01 03:11:43,2019-11-01 03:31:08,0,193.81.188.232,7,1165,0,2019-11-11 06:45:31,R_3jZsngimamayUSE,,,,,,,anonymous,EN,2,0,80,0,0,0,,,,,,,,,,,,,,,,,,,,,,,,,,,,,,,,,,,,,,,,,,,,,,,,,,,,,,,,,,,,,,,
2019-11-01 04:28:07,2019-11-01 04:33:54,0,178.191.5.47,26,347,0,2019-11-11 06:45:31,R_2TOacsK0Srfb1F4,,,,,,,anonymous,EN,2,50,50,0,0,0,,4,5,4,4,5,4,5,4,"4,00",?,,,,,,,,,,,,,,,,,,,,,,,,,,,,,,,,,,,,,,,,,,,,,,,,,,,,
2019-11-01 05:47:28,2019-11-01 05:47:31,8,77.119.128.200,2,2,0,2019-11-11 06:45:31,R_9p2gfQDUMWu9taF,,,,,,,anonymous,EN,,,,,,,,,,,,,,,,,,,,,,,,,,,,,,,,,,,,,,,,,,,,,,,,,,,,,,,,,,,,,,,,,,,,,
2019-11-01 05:00:54,2019-11-01 05:02:59,0,77.119.131.241,26,125,0,2019-11-11 06:45:31,R_cTHlfMSHHJ0yzWV,,,,,,,anonymous,EN,4,50,50,0,0,0,,4,2,4,4,5,5,6,3.00,03.00,04.00,,,,,,,,,,,,,,,,,,,,,,,,,,,,,,,,,,,,,,,,,,,,,,,,,,,,
2019-11-01 05:33:13,2019-11-01 05:39:30,0,213.162.73.234,21,376,0,2019-11-11 06:45:31,R_2iu3a7Qwnm9Mgp3,,,,,,,anonymous,EN,2,0,60,0,40,0,,4,5,5,5,6,6,5,3.00,3. 00,,,,,,,,,,,,,,,,,,,,,,,,,,,,,,,,,,,,,,,,,,,,,,,,,,,,,
2019-11-06 10:36:12,2019-11-06 10:36:34,0,118.71.153.27,2,22,0,2019-11-11 06:45:32,R_ZEPnZteXyYUlwzf,,,,,,,anonymous,EN,,,,,,,,,,,,,,,,,,,,,,,,,,,,,,,,,,,,,,,,,,,,,,,,,,,,,,,,,,,,,,,,,,,,,
2019-11-05 22:03:14,2019-11-05 22:04:05,0,113.185.41.197,6,51,0,2019-11-11 06:45:31,R_T5ui652wL8ctrup,,,,,,,anonymous,EN,2,0,60,0,40,0,,,,,,,,,,,,,,,,,,,,,,,,,,,,,,,,,,,,,,,,,,,,,,,,,,,,,,,,,,,,,,,
2019-11-01 04:55:58,2019-11-01 04:57:32,0,80.110.97.32,21,93,0,2019-11-11 06:45:31,R_2ZNULrKDEHZkP5z,,,,,,,anonymous,EN,3,20,80,0,0,0,,5,2,5,5,4,4,6,03.00,03.00,,,,,,,,,,,,,,,,,,,,,,,,,,,,,,,,,,,,,,,,,,,,,,,,,,,,,
2019-11-01 12:55:17,2019-11-01 12:57:45,0,130.88.240.67,26,147,0,2019-11-11 06:45:32,R_3s6pFW5qeddkXmk,,,,,,,anonymous,EN,2,20,80,0,0,0,,4,3,5,4,5,4,6,"3.00 ",03.00,02.50,,,,,,,,,,,,,,,,,,,,,,,,,,,,,,,,,,,,,,,,,,,,,,,,,,,,
2019-11-01 08:47:43,2019-11-01 08:48:58,0,213.240.97.71,12,74,0,2019-11-11 06:45:31,R_1cS2KwhLxUz6nem,,,,,,,anonymous,EN,2,0,100,0,0,0,,5,5,1,5,5,5,4,,,,,,,,,,,,,,,,,,,,,,,,,,,,,,,,,,,,,,,,,,,,,,,,,,,,,,,
2019-11-01 11:01:36,2019-11-01 11:12:48,0,46.125.250.87,47,672,0,2019-11-11 06:45:32,R_3gT8vGWL2Jl9GQn,,,,,,,anonymous,EN,2,40,60,0,0,0,,4,4,4,4,5,5,6,04.99,05.69,00.99,01.39,03.39,04.79,5,5,4,2,4,,64,,,,,,,,,,,,,,,,,,,,,,,,,,,,,,,,,,,,,,,,,,
2019-11-06 07:56:28,2019-11-06 07:56:35,0,117.1.89.250,2,7,0,2019-11-11 06:45:32,R_2VHM77VVf44GNpZ,,,,,,,anonymous,EN,,,,,,,,,,,,,,,,,,,,,,,,,,,,,,,,,,,,,,,,,,,,,,,,,,,,,,,,,,,,,,,,,,,,,
2019-11-06 10:37:15,2019-11-06 10:38:08,8,118.71.153.27,2,53,0,2019-11-11 06:45:32,R_1on9CCl74H8MsNM,,,,,,,anonymous,EN,,,,,,,,,,,,,,,,,,,,,,,,,,,,,,,,,,,,,,,,,,,,,,,,,,,,,,,,,,,,,,,,,,,,,
2019-11-03 07:37:54,2019-11-03 07:38:04,0,178.189.242.204,2,9,0,2019-11-11 06:45:32,R_3niulYiB0VtxFVJ,,,,,,,anonymous,EN,,,,,,,,,,,,,,,,,,,,,,,,,,,,,,,,,,,,,,,,,,,,,,,,,,,,,,,,,,,,,,,,,,,,,
2019-11-02 11:17:03,2019-11-02 11:17:08,8,188.22.80.239,2,4,0,2019-11-11 06:45:32,R_1igoc9eUc9oTcFX,,,,,,,anonymous,EN,,,,,,,,,,,,,,,,,,,,,,,,,,,,,,,,,,,,,,,,,,,,,,,,,,,,,,,,,,,,,,,,,,,,,
2019-11-02 11:16:20,2019-11-02 11:16:23,0,188.22.80.239,2,2,0,2019-11-11 06:45:32,R_bvno57UxQf63zc5,,,,,,,anonymous,EN,,,,,,,,,,,,,,,,,,,,,,,,,,,,,,,,,,,,,,,,,,,,,,,,,,,,,,,,,,,,,,,,,,,,,
2019-11-02 11:48:56,2019-11-02 12:08:35,0,89.144.218.133,12,1178,0,2019-11-11 06:45:32,R_2RWkYZy96HOOr81,,,,,,,anonymous,EN,4,0,0,0,0,0,,4,6,4,3,2,5,5,,,,,,,,,,,,,,,,,,,,,,,,,,,,,,,,,,,,,,,,,,,,,,,,,,,,,,,
2019-11-04 04:30:03,2019-11-04 04:31:53,0,89.144.204.52,26,110,0,2019-11-11 06:45:32,R_2rr7fygDO5NHyw4,,,,,,,anonymous,EN,3,0,99,1,0,0,,5,4,5,4,5,3,6,"2,49","2,49","1,19",,,,,,,,,,,,,,,,,,,,,,,,,,,,,,,,,,,,,,,,,,,,,,,,,,,,
2019-11-06 19:37:42,2019-11-06 19:37:47,0,113.185.43.239,2,4,0,2019-11-11 06:45:33,R_BxqH4EOLX1Sxzqh,,,,,,,anonymous,EN,,,,,,,,,,,,,,,,,,,,,,,,,,,,,,,,,,,,,,,,,,,,,,,,,,,,,,,,,,,,,,,,,,,,,
2019-11-06 21:47:35,2019-11-06 21:47:46,0,183.91.4.9,2,10,0,2019-11-11 06:45:33,R_2bNxFOb5Hz5ITSw,,,,,,,anonymous,EN,,,,,,,,,,,,,,,,,,,,,,,,,,,,,,,,,,,,,,,,,,,,,,,,,,,,,,,,,,,,,,,,,,,,,
2019-11-02 07:40:26,2019-11-02 12:48:38,0,80.110.107.24,7,18491,0,2019-11-11 06:45:32,R_0NxouapoQO3xxkt,,,,,,,anonymous,EN,3,0,,0,0,0,,,,,,,,,,,,,,,,,,,,,,,,,,,,,,,,,,,,,,,,,,,,,,,,,,,,,,,,,,,,,,,
2019-11-06 08:26:31,2019-11-06 08:26:39,0,1.55.167.180,2,7,0,2019-11-11 06:45:32,R_1GJSk4lN4BTP5ZR,,,,,,,anonymous,EN,,,,,,,,,,,,,,,,,,,,,,,,,,,,,,,,,,,,,,,,,,,,,,,,,,,,,,,,,,,,,,,,,,,,,
2019-11-05 07:40:27,2019-11-05 07:41:40,0,193.171.62.182,6,73,0,2019-11-11 06:45:33,R_12gWD6P5eZFsZ8C,,,,,,,anonymous,EN,3,0,0,0,0,0,,,,,,,,,,,,,,,,,,,,,,,,,,,,,,,,,,,,,,,,,,,,,,,,,,,,,,,,,,,,,,,
2019-11-02 12:17:44,2019-11-02 12:22:26,0,213.147.167.114,12,281,0,2019-11-11 06:45:32,R_3jTIdBbHb9347nr,,,,,,,anonymous,EN,3,50,50,0,0,0,,4,6,5,5,5,2,4,,,,,,,,,,,,,,,,,,,,,,,,,,,,,,,,,,,,,,,,,,,,,,,,,,,,,,,
2019-11-02 11:02:29,2019-11-02 11:04:16,0,80.110.109.48,40,107,0,2019-11-11 06:45:32,R_1d0nBkn2Ubb2ScP,,,,,,,anonymous,EN,2,75,20,0,5,0,,5,6,4,3,5,6,6,"2,5","3,5",3,4,8,11,,,,,,,,,,,,,,,,,,,,,,,,,,,,,,,,,,,,,,,,,,,,,,,,,
2019-11-03 13:49:43,2019-11-03 13:50:53,0,80.110.77.166,7,69,0,2019-11-11 06:45:32,R_3eteiCNNH86c7A6,,,,,,,anonymous,EN,2,0,90,,0,0,,,,,,,,,,,,,,,,,,,,,,,,,,,,,,,,,,,,,,,,,,,,,,,,,,,,,,,,,,,,,,,
2019-11-02 23:50:38,2019-11-02 23:51:20,0,89.144.195.25,16,41,0,2019-11-11 06:45:32,R_XjFetzAlhalXoJz,,,,,,,anonymous,EN,4,0,50,25,25,0,,6,6,6,6,6,6,6,2.00,,,,,,,,,,,,,,,,,,,,,,,,,,,,,,,,,,,,,,,,,,,,,,,,,,,,,,
2019-11-04 03:36:10,2019-11-04 03:36:15,0,46.57.126.213,2,4,0,2019-11-11 06:45:32,R_3kcegRZQly8Gv3v,,,,,,,anonymous,EN,,,,,,,,,,,,,,,,,,,,,,,,,,,,,,,,,,,,,,,,,,,,,,,,,,,,,,,,,,,,,,,,,,,,,
2019-11-04 23:49:03,2019-11-04 23:49:11,0,213.142.96.113,2,7,0,2019-11-11 06:45:33,R_DOvIXoAqjyuR1jb,,,,,,,anonymous,EN,,,,,,,,,,,,,,,,,,,,,,,,,,,,,,,,,,,,,,,,,,,,,,,,,,,,,,,,,,,,,,,,,,,,,
2019-11-04 15:38:46,2019-11-04 15:41:17,0,193.154.9.155,30,150,0,2019-11-11 06:45:33,R_1HhHKl25Rqufbot,,,,,,,anonymous,EN,4,20,70,10,0,0,,3,6,5,3,6,4,6,3.00,3.00,2.00,2.00,,,,,,,,,,,,,,,,,,,,,,,,,,,,,,,,,,,,,,,,,,,,,,,,,,,
2019-11-06 18:22:49,2019-11-06 18:26:29,0,59.153.254.157,6,220,0,2019-11-11 06:45:32,R_2WA9o0bD1WYlz4D,,,,,,,anonymous,EN,2,0,2,3,1,0,,,,,,,,,,,,,,,,,,,,,,,,,,,,,,,,,,,,,,,,,,,,,,,,,,,,,,,,,,,,,,,
2019-11-02 08:22:50,2019-11-02 08:24:31,0,130.88.240.67,21,101,0,2019-11-11 06:45:32,R_AHVyK4lgJpMDFsd,,,,,,,anonymous,EN,2,20,80,0,0,0,,5,3,5,4,4,4,6,"03,00","03,50",,,,,,,,,,,,,,,,,,,,,,,,,,,,,,,,,,,,,,,,,,,,,,,,,,,,,
2019-11-06 18:22:25,2019-11-06 18:22:40,0,59.153.253.19,2,15,0,2019-11-11 06:45:32,R_3jS05D7nifoO1Cp,,,,,,,anonymous,EN,,,,,,,,,,,,,,,,,,,,,,,,,,,,,,,,,,,,,,,,,,,,,,,,,,,,,,,,,,,,,,,,,,,,,
2019-11-05 06:47:11,2019-11-05 06:50:36,0,212.186.181.254,16,204,0,2019-11-11 06:45:33,R_80lFway9xxTXpbr,,,,,,,anonymous,EN,2,0,90,10,0,0,,5,5,4,4,6,5,6,08.00,,,,,,,,,,,,,,,,,,,,,,,,,,,,,,,,,,,,,,,,,,,,,,,,,,,,,,
2019-11-07 11:45:27,2019-11-07 11:47:02,0,213.162.72.180,16,95,0,2019-11-11 06:45:33,R_10OtRCG8OVTQr1U,,,,,,,anonymous,EN,1,80,10,0,10,0,,5,5,6,4,6,6,6,02.00,,,,,,,,,,,,,,,,,,,,,,,,,,,,,,,,,,,,,,,,,,,,,,,,,,,,,,
2019-11-05 06:30:42,2019-11-05 06:30:52,0,213.225.1.86,2,10,0,2019-11-11 06:45:33,R_3nvdYVmTqUt23pU,,,,,,,anonymous,EN,,,,,,,,,,,,,,,,,,,,,,,,,,,,,,,,,,,,,,,,,,,,,,,,,,,,,,,,,,,,,,,,,,,,,
2019-11-05 09:33:39,2019-11-05 09:42:58,0,89.146.92.118,53,558,0,2019-11-11 06:45:33,R_PMPaOSXwDIppdO9,,,,,,,anonymous,EN,3,0,80,20,0,0,,4,5,5,5,4,4,5,02.30,03.00,02.50,03.15,05.60,07.50,5,5,5,6,6,,73,,,,,,,,,,,,,,,,,,,,,,,,,,,,,,,,,,,,,,,,,,
2019-11-04 02:08:08,2019-11-04 02:32:55,0,78.132.96.128,2,1487,0,2019-11-11 06:45:33,R_2pQMYxn3qZFwv6O,,,,,,,anonymous,EN,,,,,,,,,,,,,,,,,,,,,,,,,,,,,,,,,,,,,,,,,,,,,,,,,,,,,,,,,,,,,,,,,,,,,
2019-11-07 02:19:05,2019-11-07 02:33:55,0,45.121.161.198,65,890,0,2019-11-11 06:45:33,R_2cenOGb7KGPgtKa,,,,,,,anonymous,EN,2,20,60,20,0,0,,4,1,6,5,5,5,1,USD5.00,5.00,0.50,0.50,0.90,0.90,6,6,5,2,5,,70,97,100,99,72,40,40,0,10,10,4,4,4,5,4,30,30,30,10,0,,4,,,,,,,,,,,,,,,,,,,,,
2019-11-05 08:29:27,2019-11-05 08:30:10,0,84.115.64.16,2,43,0,2019-11-11 06:45:33,R_9RhCIIOl8hOxued,,,,,,,anonymous,EN,,,,,,,,,,,,,,,,,,,,,,,,,,,,,,,,,,,,,,,,,,,,,,,,,,,,,,,,,,,,,,,,,,,,,
2019-11-02 10:54:25,2019-11-02 10:56:08,0,46.125.249.103,21,103,0,2019-11-11 06:45:33,R_2RajdVsVsCeK59r,,,,,,,anonymous,EN,3,0,60,20,20,0,,4,6,4,5,6,5,6,3.00,3,,,,,,,,,,,,,,,,,,,,,,,,,,,,,,,,,,,,,,,,,,,,,,,,,,,,,
2019-11-05 06:50:53,2019-11-05 06:53:26,0,212.186.181.254,30,153,0,2019-11-11 06:45:33,R_eM1Z130ous3NSN3,,,,,,,anonymous,EN,2,0,80,0,20,0,,5,5,4,5,6,5,6,08.00,08.00,05.00,05.00,,,,,,,,,,,,,,,,,,,,,,,,,,,,,,,,,,,,,,,,,,,,,,,,,,,
2019-11-07 11:52:55,2019-11-07 11:52:58,8,80.110.97.175,2,3,0,2019-11-11 06:45:33,R_3symmYUEf650zaJ,,,,,,,anonymous,EN,,,,,,,,,,,,,,,,,,,,,,,,,,,,,,,,,,,,,,,,,,,,,,,,,,,,,,,,,,,,,,,,,,,,,
2019-11-07 03:21:34,2019-11-07 03:21:38,0,118.68.15.88,2,4,0,2019-11-11 06:45:33,R_3Rar5GHVbuU8MAj,,,,,,,anonymous,EN,,,,,,,,,,,,,,,,,,,,,,,,,,,,,,,,,,,,,,,,,,,,,,,,,,,,,,,,,,,,,,,,,,,,,
2019-11-05 06:40:31,2019-11-05 06:50:09,0,157.24.110.53,63,577,0,2019-11-11 06:45:33,R_3Dw3lDS4uxxYAT3,,,,,,,anonymous,EN,2,20,80,0,0,0,,4,3,3,5,5,5,6,1.2e,01.26,1,1.00,7.00,7.00,6,6,5,1,6,,67,73,100,50,100,30,10,30,10,20,4,4,4,3,2,15,15,30,40,0,,4,19,,,,,,,,,,,,,,,,,,,,
2019-11-05 07:01:12,2019-11-05 07:04:40,0,89.204.153.85,40,208,0,2019-11-11 06:45:33,R_1FJJ3ufT2JtYmkC,,,,,,,anonymous,EN,2,50,50,0,0,0,,4,4,5,4,5,5,5,03.00,03.50,01.50,02.00,4.00,05.00,,,,,,,,,,,,,,,,,,,,,,,,,,,,,,,,,,,,,,,,,,,,,,,,,
2019-11-07 11:52:40,2019-11-07 11:54:14,0,188.23.77.155,16,93,0,2019-11-11 06:45:33,R_12atIrCg37lqPAt,,,,,,,anonymous,EN,2,0,100,0,0,0,,5,5,5,4,4,4,4,1,,,,,,,,,,,,,,,,,,,,,,,,,,,,,,,,,,,,,,,,,,,,,,,,,,,,,,
2019-11-05 07:00:00,2019-11-05 07:00:19,0,46.206.3.92,7,18,0,2019-11-11 06:45:33,R_3svr5WMWFqY5ivH,,,,,,,anonymous,EN,2,80,20,0,0,0,,,,,,,,,,,,,,,,,,,,,,,,,,,,,,,,,,,,,,,,,,,,,,,,,,,,,,,,,,,,,,,
2019-11-07 11:59:06,2019-11-07 11:59:22,0,91.141.2.35,2,16,0,2019-11-11 06:45:33,R_3M3VilHWuZaCEoV,,,,,,,anonymous,EN,,,,,,,,,,,,,,,,,,,,,,,,,,,,,,,,,,,,,,,,,,,,,,,,,,,,,,,,,,,,,,,,,,,,,
2019-11-07 11:26:27,2019-11-07 11:26:35,0,62.178.112.22,2,8,0,2019-11-11 06:45:33,R_1gSCKHKPspVTTMs,,,,,,,anonymous,EN,,,,,,,,,,,,,,,,,,,,,,,,,,,,,,,,,,,,,,,,,,,,,,,,,,,,,,,,,,,,,,,,,,,,,
2019-11-07 17:00:30,2019-11-07 17:00:36,0,14.0.19.162,2,5,0,2019-11-11 06:45:33,R_27vAMWxvXwVNMgx,,,,,,,anonymous,EN,,,,,,,,,,,,,,,,,,,,,,,,,,,,,,,,,,,,,,,,,,,,,,,,,,,,,,,,,,,,,,,,,,,,,
2019-11-07 11:52:28,2019-11-07 11:54:24,0,81.217.54.127,22,115,0,2019-11-11 06:45:33,R_1oBTsFCLRRaTAjG,,,,,,,anonymous,EN,2,,2,0,0,0,,5,3,5,6,4,3,6,"1,50","1,50",,,,,,,,,,,,,,,,,,,,,,,,,,,,,,,,,,,,,,,,,,,,,,,,,,,,,
2019-11-07 11:53:03,2019-11-07 11:53:06,0,62.47.61.7,2,2,0,2019-11-11 06:45:33,R_3MAqx8v5QTc59Jq,,,,,,,anonymous,EN,,,,,,,,,,,,,,,,,,,,,,,,,,,,,,,,,,,,,,,,,,,,,,,,,,,,,,,,,,,,,,,,,,,,,
2019-11-07 12:00:32,2019-11-07 12:03:23,0,213.162.73.229,10,170,0,2019-11-11 06:45:33,R_rd3RwxypW0Y5rP3,,,,,,,anonymous,EN,2,50,35,0,15,0,,5,4,4,4,5,5,5,,,,,,,,,,,,,,,,,,,,,,,,,,,,,,,,,,,,,,,,,,,,,,,,,,,,,,,
2019-11-07 15:14:40,2019-11-07 15:16:32,0,89.144.220.246,29,111,0,2019-11-11 06:45:34,R_wUifKJKqdvIuuUF,,,,,,,anonymous,EN,2,0,100,0,0,0,,4,5,2,3,5,3,6,3,2,2,,,,,,,,,,,,,,,,,,,,,,,,,,,,,,,,,,,,,,,,,,,,,,,,,,,,
2019-11-08 00:33:05,2019-11-08 00:35:40,0,84.113.46.227,10,154,0,2019-11-11 06:45:34,R_w5ecNz334pDF4QN,,,,,,,anonymous,EN,2,0,80,10,10,0,,5,4,5,5,5,4,6,,,,,,,,,,,,,,,,,,,,,,,,,,,,,,,,,,,,,,,,,,,,,,,,,,,,,,,
2019-11-05 09:43:40,2019-11-05 09:45:09,0,89.146.92.118,16,88,0,2019-11-11 06:45:33,R_YVzTQanANywozYd,,,,,,,anonymous,EN,3,0,80,20,0,0,,5,4,5,5,4,4,6,01.50,,,,,,,,,,,,,,,,,,,,,,,,,,,,,,,,,,,,,,,,,,,,,,,,,,,,,,
2019-11-07 14:54:30,2019-11-07 15:01:58,0,194.96.82.63,16,447,0,2019-11-11 06:45:34,R_1eqOs4aFWF1qxu9,,,,,,,anonymous,EN,3,60,40,0,0,0,,4,6,5,6,6,5,6,02.50,,,,,,,,,,,,,,,,,,,,,,,,,,,,,,,,,,,,,,,,,,,,,,,,,,,,,,
2019-11-07 17:54:17,2019-11-08 02:44:25,0,118.70.128.196,6,31808,0,2019-11-11 06:45:33,R_1jrzK07Uc55js5X,,,,,,,anonymous,EN,2,0,1,0,0,0,,,,,,,,,,,,,,,,,,,,,,,,,,,,,,,,,,,,,,,,,,,,,,,,,,,,,,,,,,,,,,,
2019-11-07 12:22:11,2019-11-07 12:23:44,0,46.125.249.110,8,93,0,2019-11-11 06:45:34,R_3dQcTy4XmUsZI6d,,,,,,,anonymous,EN,3,20,80,0,0,0,,4,6,3,3,3,4,6,,,,,,,,,,,,,,,,,,,,,,,,,,,,,,,,,,,,,,,,,,,,,,,,,,,,,,,
2019-11-07 18:17:29,2019-11-07 18:17:40,0,113.185.45.222,2,11,0,2019-11-11 06:45:34,R_2CCZdYbfldc4v3Q,,,,,,,anonymous,EN,,,,,,,,,,,,,,,,,,,,,,,,,,,,,,,,,,,,,,,,,,,,,,,,,,,,,,,,,,,,,,,,,,,,,
2019-11-07 15:22:17,2019-11-07 15:24:16,0,213.225.12.164,10,118,0,2019-11-11 06:45:34,R_1eKpS3piAMAPKlU,,,,,,,anonymous,EN,2,50,100,0,0,0,,4,4,6,6,6,6,6,,,,,,,,,,,,,,,,,,,,,,,,,,,,,,,,,,,,,,,,,,,,,,,,,,,,,,,
2019-11-07 12:56:07,2019-11-07 12:59:05,0,213.147.161.32,2,177,0,2019-11-11 06:45:34,R_vH5n2wgEqF5nKUx,,,,,,,anonymous,EN,,,,,,,,,,,,,,,,,,,,,,,,,,,,,,,,,,,,,,,,,,,,,,,,,,,,,,,,,,,,,,,,,,,,,
2019-11-07 14:04:25,2019-11-07 14:04:29,0,80.110.114.21,2,3,0,2019-11-11 06:45:34,R_240pITvbIXlOL9m,,,,,,,anonymous,EN,,,,,,,,,,,,,,,,,,,,,,,,,,,,,,,,,,,,,,,,,,,,,,,,,,,,,,,,,,,,,,,,,,,,,
2019-11-10 11:11:46,2019-11-10 11:11:51,0,91.141.3.107,2,4,0,2019-11-11 06:45:34,R_3khRvr3TJk3EN3W,,,,,,,anonymous,EN,,,,,,,,,,,,,,,,,,,,,,,,,,,,,,,,,,,,,,,,,,,,,,,,,,,,,,,,,,,,,,,,,,,,,
2019-11-09 14:22:47,2019-11-09 14:22:50,0,213.142.96.80,2,2,0,2019-11-11 06:45:34,R_1OU1ORIDMqRmPCO,,,,,,,anonymous,EN,,,,,,,,,,,,,,,,,,,,,,,,,,,,,,,,,,,,,,,,,,,,,,,,,,,,,,,,,,,,,,,,,,,,,
2019-11-05 07:51:56,2019-11-05 11:50:37,8,207.110.32.200,2,14321,0,2019-11-11 06:45:36,R_2Eczn0Cpom4Zc17,,,,,,,anonymous,EN,,,,,,,,,,,,,,,,,,,,,,,,,,,,,,,,,,,,,,,,,,,,,,,,,,,,,,,,,,,,,,,,,,,,,
